phoneTimestamp,duration
1710858611569,350
1710858611920,677
1710858612597,687
1710858613284,4759
1710858613748,674
1710858614422,736
1710858615158,761
1710858615919,787
1710858616705,796
1710858617502,779
1710858618281,791
1710858619072,786
1710858619857,757
1710858620615,711
1710858621326,712
1710858622038,696
1710858622734,675
1710858623409,660
1710858624069,655
1710858624724,646
1710858625369,655
1710858626025,683
1710858626708,702
1710858627409,689
1710858628099,714
1710858628813,734
1710858629547,718
1710858630265,724
1710858630989,717
1710858631705,734
1710858632440,740
1710858633180,716
1710858633896,721
1710858634617,699
1710858635316,691
1710858636007,699
1710858636705,735
1710858637441,750
1710858638191,777
1710858638968,793
1710858639761,778
1710858640539,752
1710858641291,750
1710858642041,744
1710858642785,749
1710858643534,726
1710858644260,738
1710858644998,751
1710858645749,732
1710858646481,716
1710858647197,720
1710858647917,704
1710858648621,701
1710858649321,732
1710858650054,768
1710858650822,779
1710858651601,776
1710858652377,755
1710858653132,735
1710858653867,746
1710858654613,743
1710858655356,736
1710858656092,749
1710858656841,764
1710858657605,776
1710858658381,764
1710858659145,761
1710858659905,757
1710858660663,760
1710858661423,762
1710858662185,772
1710858662957,781
1710858663737,764
1710858664502,745
1710858665247,749
1710858665996,721
1710858666717,693
1710858667409,678
1710858668088,665
1710858668753,678
1710858669431,697
1710858670128,700
1710858670828,736
1710858671564,770
1710858672334,781
1710858673115,766
1710858673881,752
1710858674633,737
1710858675369,717
1710858676087,689
1710858676776,678
1710858677454,706
1710858678160,724
1710858678884,756
1710858679640,771
1710858680411,761
1710858681172,758
1710858681929,772
1710858682702,767
1710858683469,795
1710858684264,778
1710858685041,756
1710858685798,764
1710858686561,759
1710858687321,732
1710858688053,712
1710858688765,681
1710858689446,685
1710858690131,719
1710858690849,742
1710858691592,768
1710858692360,777
1710858693137,750
1710858693887,712
1710858694599,692
1710858695291,657
1710858695948,654
1710858696601,660
1710858697262,667
1710858697929,679
1710858698608,674
1710858699281,669
1710858699951,684
1710858700635,682
1710858701317,691
1710858702008,703
1710858702711,698
1710858703409,689
1710858704097,688
1710858704785,696
1710858705481,706
1710858706188,697
1710858706885,700
1710858707585,717
1710858708302,742
1710858709044,753
1710858709797,760
1710858710557,761
1710858711318,737
1710858712055,713
1710858712768,700
1710858713468,694
1710858714161,714
1710858714876,752
1710858715628,759
1710858716387,745
1710858717132,758
1710858717889,764
1710858718654,807
1710858719461,813
1710858720273,812
1710858721086,775
1710858721861,752
1710858722613,746
1710858723359,753
1710858724112,744
1710858724856,763
1710858725619,746
1710858726365,712
1710858727077,705
1710858727782,704
1710858728486,675
1710858729161,693
1710858729854,753
1710858730607,794
1710858731401,785
1710858732185,801
1710858732987,806
1710858733793,790
1710858734583,762
1710858735345,696
1710858736041,686
1710858736727,688
1710858737415,715
1710858738129,755
1710858738885,782
1710858739667,771
1710858740438,721
1710858741159,727
1710858741886,700
1710858742585,676
1710858743262,675
1710858743937,665
1710858744601,661
1710858745263,655
1710858745918,655
1710858746573,659
1710858747232,667
1710858747899,665
1710858748564,659
1710858749223,655
1710858749878,651
1710858750529,646
1710858751175,643
1710858751817,635
1710858752453,623
1710858753076,617
1710858753693,619
1710858754312,620
1710858754932,618
1710858755550,596
1710858756145,637
1710858756783,719
1710858757502,762
1710858758264,790
1710858759054,832
1710858759886,843
1710858760729,805
1710858761534,875
1710858762409,916
1710858763325,925
1710858764249,927
1710858765177,923
1710858766100,919
1710858767019,883
1710858767902,824
1710858768726,787
1710858769513,756
1710858770269,759
1710858771028,727
1710858771755,741
1710858772496,769
1710858773265,767
1710858774032,761
1710858774793,780
1710858775573,813
1710858776385,836
1710858777222,815
1710858778037,800
1710858778837,805
1710858779641,816
1710858780457,851
1710858781309,891
1710858782200,892
1710858783092,885
1710858783977,849
1710858784825,852
1710858785678,857
1710858786535,872
1710858787407,861
1710858788268,850
1710858789118,852
1710858789969,863
1710858790833,872
1710858791705,838
1710858792543,797
1710858793340,768
1710858794108,723
1710858794831,742
1710858795573,767
1710858796340,787
1710858797127,822
1710858797949,841
1710858798790,840
1710858799630,779
1710858800409,773
1710858801182,782
1710858801964,795
1710858802759,821
1710858803580,830
1710858804409,798
1710858805208,804
1710858806012,829
1710858806841,835
1710858807676,846
1710858808521,797
1710858809319,755
1710858810073,774
1710858810848,783
1710858811631,807
1710858812438,772
1710858813209,784
1710858813993,820
1710858814814,805
1710858815619,760
1710858816379,770
1710858817149,785
1710858817934,810
1710858818744,842
1710858819585,821
1710858820407,768
1710858821175,785
1710858821960,792
1710858822752,776
1710858823528,739
1710858824267,719
1710858824985,729
1710858825715,747
1710858826462,742
1710858827204,736
1710858827940,771
1710858828711,804
1710858829515,776
1710858830291,777
1710858831068,788
1710858831856,778
1710858832633,741
1710858833375,782
1710858834157,846
1710858835003,799
1710858835801,837
1710858836639,873
1710858837512,887
1710858838399,850
1710858839249,815
1710858840064,755
1710858840819,742
1710858841561,745
1710858842305,742
1710858843048,739
1710858843787,744
1710858844531,798
1710858845329,862
1710858846191,905
1710858847096,889
1710858847985,845
1710858848830,832
1710858849662,788
1710858850449,788
1710858851238,803
1710858852041,731
1710858852772,718
1710858853489,761
1710858854251,870
1710858855121,958
1710858856079,984
1710858857063,967
1710858858030,918
1710858858948,870
1710858859817,912
1710858860729,955
1710858861685,983
1710858862668,985
1710858863653,1003
1710858864656,1004
1710858865660,1015
1710858866675,1036
1710858867711,1034
1710858868745,1028
1710858869773,1021
1710858870793,1011
1710858871805,1002
1710858872807,980
1710858873787,891
1710858874678,902
1710858875580,914
1710858876494,943
1710858877437,933
1710858878369,940
1710858879310,919
1710858880229,883
1710858881112,814
1710858881926,829
1710858882755,888
1710858883643,946
1710858884589,1021
1710858885609,1020
1710858886630,1023
1710858887653,993
1710858888646,924
1710858889569,899
1710858890469,929
1710858891398,955
1710858892353,980
1710858893333,999
1710858894332,1031
1710858895363,1023
1710858896385,1026
1710858897412,1001
1710858898413,950
1710858899363,833
1710858900196,811
1710858901007,872
1710858901879,921
1710858902800,938
1710858903737,945
1710858904683,966
1710858905649,968
1710858906617,951
1710858907568,900
1710858908468,808
1710858909276,804
1710858910080,854
1710858910934,864
1710858911798,879
1710858912677,854
1710858913531,800
1710858914331,794
1710858915125,803
1710858915928,826
1710858916753,853
1710858917607,875
1710858918481,885
1710858919367,867
1710858920233,810
1710858921044,837
1710858921881,886
1710858922767,896
1710858923663,898
1710858924561,317
1710858924878,560
1710858925438,844
1710858926281,795
1710858927077,786
1710858927863,825
1710858928688,870
1710858929558,853
1710858930411,857
1710858931268,831
1710858932099,815
1710858932913,803
1710858933717,807
1710858934524,840
1710858935364,895
1710858936259,915
1710858937174,932
1710858938105,933
1710858939039,922
1710858939961,853
1710858940814,769
1710858941583,723
1710858942305,703
1710858943009,721
1710858943729,762
1710858944492,803
1710858945295,799
1710858946094,798
1710858946892,813
1710858947705,838
1710858948543,837
1710858949380,827
1710858950207,823
1710858951030,813
1710858951843,783
1710858952625,757
1710858953383,762
1710858954145,791
1710858954936,823
1710858955759,861
1710858956620,883
1710858957503,849
1710858958352,796
1710858959148,768
1710858959916,779
1710858960695,786
1710858961481,793
1710858962273,823
1710858963097,814
1710858963911,780
1710858964691,745
1710858965436,735
1710858966171,739
1710858966910,731
1710858967641,747
1710858968388,772
1710858969160,806
1710858969966,820
1710858970785,835
1710858971621,816
1710858972437,788
1710858973225,756
1710858973981,768
1710858974749,759
1710858975508,750
1710858976257,803
1710858977061,824
1710858977885,828
1710858978713,839
1710858979552,787
1710858980339,791
1710858981129,798
1710858981928,793
1710858982721,749
1710858983470,705
1710858984175,698
1710858984873,723
1710858985596,763
1710858986359,788
1710858987147,800
1710858987947,816
1710858988763,840
1710858989603,822
1710858990425,800
1710858991225,766
1710858991991,770
1710858992761,789
1710858993550,817
1710858994367,837
1710858995204,816
1710858996020,776
1710858996796,789
1710858997585,803
1710858998388,816
1710858999204,835
1710859000039,846
1710859000885,840
1710859001725,816
1710859002541,768
1710859003309,755
1710859004064,780
1710859004844,817
1710859005661,849
1710859006510,856
1710859007366,824
1710859008190,802
1710859008992,818
1710859009809,842
1710859010652,863
1710859011515,866
1710859012381,827
1710859013208,797
1710859014005,813
1710859014817,834
1710859015652,868
1710859016520,883
1710859017403,855
1710859018257,813
1710859019071,821
1710859019892,829
1710859020721,844
1710859021565,833
1710859022398,771
1710859023169,771
1710859023940,797
1710859024737,787
1710859025524,786
1710859026310,776
1710859027086,762
1710859027848,763
1710859028611,762
1710859029373,751
1710859030124,730
1710859030854,733
1710859031587,755
1710859032342,780
1710859033121,797
1710859033919,800
1710859034719,786
1710859035505,758
1710859036263,759
1710859037022,785
1710859037807,825
1710859038632,851
1710859039483,858
1710859040341,860
1710859041201,883
1710859042084,895
1710859042979,899
1710859043878,899
1710859044777,893
1710859045670,897
1710859046567,898
1710859047465,897
1710859048361,881
1710859049243,873
1710859050116,852
1710859050968,819
1710859051787,779
1710859052566,779
1710859053345,824
1710859054169,838
1710859055007,877
1710859055884,886
1710859056769,891
1710859057661,876
1710859058537,835
1710859059372,816
1710859060188,827
1710859061015,842
1710859061857,856
1710859062713,859
1710859063572,860
1710859064432,870
1710859065302,873
1710859066175,867
1710859067041,840
1710859067881,793
1710859068675,800
1710859069475,780
1710859070255,763
1710859071017,752
1710859071769,741
1710859072511,764
1710859073275,803
1710859074078,842
1710859074920,849
1710859075769,855
1710859076624,856
1710859077480,850
1710859078329,813
1710859079143,805
1710859079948,810
1710859080758,806
1710859081564,835
1710859082399,815
1710859083214,796
1710859084009,826
1710859084836,867
1710859085703,892
1710859086595,891
1710859087486,879
1710859088365,869
1710859089233,823
1710859090057,774
1710859090831,755
1710859091585,775
1710859092361,805
1710859093166,834
1710859094000,835
1710859094835,806
1710859095641,819
1710859096460,864
1710859097324,902
1710859098225,930
1710859099156,928
1710859100084,908
1710859100992,856
1710859101848,845
1710859102693,860
1710859103553,870
1710859104423,892
1710859105315,888
1710859106203,859
1710859107062,820
1710859107881,826
1710859108708,837
1710859109545,870
1710859110415,905
1710859111320,919
1710859112239,938
1710859113177,908
1710859114085,866
1710859114951,870
1710859115821,901
1710859116721,926
1710859117648,918
1710859118566,910
1710859119476,854
1710859120329,825
1710859121155,829
1710859121984,834
1710859122817,873
1710859123691,861
1710859124552,840
1710859125392,813
1710859126205,844
1710859127049,852
1710859127901,870
1710859128771,878
1710859129649,841
1710859130489,814
1710859131304,833
1710859132137,818
1710859132955,797
1710859133752,763
1710859134515,704
1710859135219,684
1710859135903,684
1710859136587,700
1710859137287,730
1710859138017,768
1710859138785,787
1710859139572,771
1710859140343,784
1710859141127,800
1710859141927,819
1710859142745,824
1710859143569,796
1710859144366,750
1710859145116,756
1710859145872,779
1710859146651,801
1710859147452,825
1710859148277,852
1710859149129,882
1710859150011,892
1710859150903,902
1710859151805,908
1710859152713,905
1710859153617,899
1710859154517,853
1710859155369,791
1710859156161,773
1710859156934,794
1710859157728,825
1710859158553,840
1710859159393,828
1710859160221,784
1710859161005,771
1710859161776,777
1710859162553,771
1710859163324,775
1710859164099,795
1710859164894,818
1710859165712,823
1710859166535,783
1710859167318,799
1710859168117,813
1710859168929,825
1710859169755,806
1710859170561,770
1710859171331,788
1710859172119,808
1710859172927,837
1710859173764,825
1710859174589,790
1710859175379,807
1710859176185,809
1710859176995,815
1710859177809,819
1710859178629,792
1710859179421,781
1710859180201,803
1710859181005,797
1710859181801,796
1710859182598,771
1710859183369,779
1710859184148,813
1710859184961,833
1710859185793,840
1710859186633,810
1710859187444,780
1710859188224,752
1710859188976,733
1710859189709,704
1710859190413,674
1710859191087,653
1710859191740,655
1710859192395,668
1710859193063,683
1710859193745,711
1710859194457,768
1710859195225,811
1710859196036,773
1710859196809,807
1710859197616,851
1710859198467,884
1710859199351,885
1710859200236,813
1710859201049,813
1710859201862,800
1710859202662,834
1710859203496,861
1710859204357,893
1710859205249,892
1710859206142,876
1710859207017,833
1710859207851,868
1710859208719,909
1710859209628,945
1710859210573,928
1710859211501,867
1710859212368,875
1710859213243,910
1710859214153,921
1710859215073,930
1710859216004,903
1710859216907,854
1710859217761,859
1710859218620,857
1710859219477,857
1710859220334,854
1710859221188,821
1710859222009,817
1710859222825,847
1710859223673,874
1710859224547,876
1710859225423,860
1710859226283,820
1710859227103,840
1710859227943,859
1710859228801,890
1710859229692,901
1710859230593,872
1710859231465,859
1710859232324,908
1710859233232,958
1710859234190,960
1710859235150,932
1710859236081,952
1710859237033,961
1710859237995,973
1710859238968,945
1710859239913,893
1710859240806,850
1710859241656,869
1710859242525,904
1710859243429,930
1710859244359,940
1710859245299,936
1710859246235,916
1710859247151,856
1710859248007,813
1710859248820,816
1710859249636,832
1710859250468,852
1710859251320,876
1710859252196,896
1710859253092,867
1710859253959,824
1710859254783,819
1710859255601,813
1710859256415,819
1710859257233,825
1710859258059,784
1710859258843,742
1710859259585,750
1710859260335,771
1710859261105,801
1710859261907,814
1710859262721,827
1710859263548,835
1710859264383,801
1710859265184,787
1710859265971,826
1710859266797,852
1710859267649,845
1710859268494,815
1710859269309,786
1710859270095,786
1710859270881,774
1710859271655,772
1710859272427,762
1710859273189,776
1710859273965,762
1710859274727,758
1710859275485,762
1710859276247,785
1710859277032,803
1710859277835,830
1710859278665,797
1710859279462,795
1710859280257,786
1710859281043,775
1710859281817,764
1710859282582,742
1710859283324,708
1710859284032,708
1710859284740,716
1710859285456,746
1710859286201,763
1710859286965,755
1710859287720,776
1710859288496,807
1710859289303,818
1710859290121,787
1710859290908,788
1710859291696,793
1710859292489,793
1710859293281,771
1710859294053,771
1710859294824,788
1710859295612,806
1710859296417,805
1710859297223,778
1710859298001,776
1710859298777,781
1710859299558,761
1710859300319,725
1710859301044,693
1710859301737,681
1710859302417,670
1710859303088,664
1710859303752,650
1710859304401,671
1710859305073,703
1710859305776,729
1710859306505,734
1710859307239,727
1710859307966,722
1710859308688,704
1710859309392,683
1710859310075,650
1710859310725,633
1710859311358,631
1710859311989,639
1710859312628,657
1710859313285,689
1710859313974,708
1710859314681,720
1710859315401,698
1710859316100,668
1710859316768,667
1710859317435,663
1710859318097,681
1710859318779,703
1710859319481,725
1710859320207,741
1710859320948,766
1710859321713,764
1710859322478,727
1710859323205,718
1710859323923,746
1710859324669,772
1710859325441,799
1710859326240,785
1710859327025,768
1710859327793,728
1710859328521,697
1710859329217,682
1710859329900,698
1710859330598,725
1710859331323,750
1710859332073,743
1710859332816,720
1710859333536,722
1710859334257,730
1710859334988,758
1710859335745,750
1710859336496,728
1710859337224,719
1710859337943,719
1710859338662,745
1710859339407,747
1710859340153,732
1710859340886,702
1710859341588,697
1710859342285,700
1710859342985,698
1710859343683,703
1710859344385,713
1710859345099,710
1710859345809,716
1710859346525,725
1710859347249,745
1710859347995,739
1710859348734,709
1710859349443,690
1710859350133,694
1710859350827,708
1710859351535,744
1710859352279,756
1710859353035,737
1710859353772,758
1710859354529,767
1710859355297,760
1710859356057,743
1710859356800,738
1710859357537,743
1710859358281,740
1710859359021,728
1710859359749,730
1710859360479,708
1710859361187,713
1710859361900,731
1710859362631,749
1710859363380,743
1710859364123,737
1710859364860,711
1710859365571,703
1710859366273,705
1710859366979,724
1710859367703,720
1710859368423,712
1710859369135,700
1710859369835,720
1710859370555,729
1710859371284,744
1710859372028,728
1710859372756,708
1710859373464,694
1710859374158,702
1710859374860,705
1710859375565,697
1710859376262,689
1710859376951,678
1710859377629,692
1710859378321,696
1710859379017,690
1710859379707,654
1710859380361,629
1710859380990,616
1710859381606,600
1710859382206,589
1710859382795,593
1710859383388,617
1710859384005,662
1710859384667,668
1710859385335,653
1710859385988,637
1710859386625,630
1710859387255,639
1710859387894,647
1710859388541,655
1710859389196,646
1710859389841,643
1710859390485,632
1710859391117,631
1710859391748,662
1710859392409,708
1710859393118,757
1710859393875,770
1710859394645,787
1710859395432,764
1710859396196,771
1710859396967,798
1710859397765,823
1710859398588,868
1710859399456,875
1710859400331,877
1710859401208,929
1710859402137,963
1710859403100,892
1710859403992,908
1710859404900,939
1710859405839,985
1710859406824,977
1710859407801,949
1710859408750,936
1710859409686,888
1710859410574,796
1710859411369,740
1710859412110,750
1710859412860,797
1710859413657,857
1710859414513,893
1710859415407,924
1710859416331,905
1710859417236,925
1710859418161,952
1710859419113,982
1710859420095,972
1710859421067,966
1710859422033,924
1710859422957,883
1710859423840,947
1710859424787,954
1710859425741,939
1710859426680,926
1710859427606,917
1710859428523,851
1710859429374,825
1710859430199,861
1710859431060,930
1710859431990,960
1710859432950,948
1710859433897,947
1710859434845,908
1710859435753,856
1710859436609,869
1710859437478,910
1710859438388,941
1710859439329,949
1710859440278,947
1710859441225,921
1710859442145,859
1710859443005,845
1710859443849,855
1710859444705,866
1710859445571,867
1710859446438,805
1710859447243,760
1710859448003,756
1710859448759,785
1710859449544,813
1710859450357,839
1710859451196,872
1710859452068,879
1710859452947,888
1710859453835,875
1710859454710,841
1710859455551,800
1710859456351,814
1710859457165,824
1710859457989,842
1710859458831,850
1710859459681,855
1710859460536,833
1710859461369,793
1710859462161,790
1710859462952,796
1710859463748,797
1710859464545,798
1710859465343,784
1710859466127,762
1710859466889,767
1710859467656,770
1710859468425,783
1710859469209,785
1710859469993,812
1710859470806,821
1710859471627,798
1710859472425,766
1710859473191,764
1710859473955,749
1710859474704,744
1710859475448,716
1710859476164,724
1710859476888,710
1710859477598,714
1710859478312,733
1710859479045,758
1710859479803,749
1710859480552,734
1710859481286,715
1710859482001,697
1710859482697,688
1710859483385,666
1710859484052,650
1710859484702,633
1710859485335,623
1710859485958,619
1710859486577,616
1710859487193,617
1710859487809,619
1710859488429,628
1710859489057,640
1710859489697,663
1710859490360,698
1710859491057,719
1710859491777,733
1710859492510,736
1710859493246,733
1710859493979,714
1710859494693,685
1710859495377,647
1710859496025,643
1710859496668,665
1710859497333,695
1710859498028,710
1710859498737,701
1710859499439,666
1710859500105,679
1710859500784,688
1710859501472,702
1710859502174,688
1710859502862,687
1710859503549,681
1710859504230,678
1710859504908,657
1710859505565,644
1710859506209,636
1710859506845,639
1710859507484,634
1710859508118,636
1710859508753,626
1710859509380,626
1710859510006,621
1710859510627,612
1710859511239,598
1710859511837,582
1710859512419,573
1710859512992,579
1710859513571,596
1710859514167,603
1710859514769,609
1710859515379,619
1710859515998,604
1710859516601,584
1710859517185,585
1710859517771,592
1710859518363,629
1710859518992,637
1710859519629,659
1710859520288,660
1710859520948,649
1710859521597,637
1710859522233,611
1710859522845,607
1710859523452,614
1710859524065,621
1710859524687,638
1710859525325,631
1710859525956,633
1710859526589,627
1710859527216,631
1710859527847,639
1710859528486,643
1710859529129,646
1710859529775,643
1710859530417,655
1710859531073,650
1710859531723,623
1710859532345,597
1710859532943,597
1710859533540,603
1710859534143,617
1710859534760,647
1710859535407,682
1710859536089,706
1710859536795,691
1710859537486,683
1710859538169,654
1710859538823,632
1710859539455,645
1710859540100,663
1710859540763,705
1710859541468,717
1710859542185,711
1710859542896,753
1710859543649,765
1710859544414,776
1710859545190,745
1710859545935,742
1710859546677,741
1710859547417,735
1710859548153,744
1710859548897,706
1710859549603,720
1710859550323,729
1710859551052,726
1710859551777,748
1710859552526,789
1710859553315,800
1710859554115,813
1710859554928,823
1710859555751,815
1710859556566,816
1710859557382,776
1710859558158,782
1710859558940,770
1710859559710,756
1710859560465,723
1710859561189,693
1710859561881,673
1710859562555,712
1710859563267,745
1710859564012,767
1710859564779,815
1710859565593,830
1710859566424,832
1710859567256,814
1710859568070,825
1710859568895,819
1710859569713,771
1710859570485,755
1710859571240,734
1710859571974,733
1710859572707,722
1710859573429,730
1710859574159,719
1710859574878,715
1710859575593,692
1710859576285,662
1710859576947,681
1710859577628,696
1710859578324,711
1710859579035,719
1710859579753,717
1710859580471,692
1710859581163,674
1710859581837,683
1710859582520,689
1710859583209,692
1710859583901,693
1710859584593,695
1710859585289,668
1710859585957,652
1710859586609,673
1710859587281,684
1710859587966,692
1710859588657,708
1710859589366,701
1710859590067,684
1710859590751,660
1710859591411,664
1710859592075,673
1710859592748,681
1710859593429,681
1710859594110,702
1710859594812,719
1710859595531,735
1710859596265,735
1710859597001,735
1710859597736,733
1710859598469,707
1710859599176,686
1710859599862,664
1710859600526,665
1710859601191,699
1710859601889,724
1710859602614,751
1710859603365,746
1710859604111,749
1710859604860,755
1710859605615,736
1710859606351,722
1710859607073,690
1710859607763,681
1710859608444,662
1710859609105,673
1710859609779,702
1710859610481,724
1710859611205,735
1710859611940,747
1710859612687,740
1710859613427,729
1710859614156,699
1710859614855,659
1710859615513,664
1710859616177,668
1710859616846,683
1710859617529,656
1710859618185,648
1710859618833,621
1710859619454,616
1710859620070,650
1710859620720,688
1710859621408,728
1710859622136,718
1710859622854,755
1710859623609,771
1710859624380,789
1710859625169,755
1710859625924,721
1710859626645,687
1710859627332,678
1710859628009,683
1710859628693,688
1710859629381,695
1710859630076,695
1710859630771,684
1710859631455,685
1710859632140,692
1710859632832,691
1710859633523,692
1710859634215,688
1710859634903,665
1710859635568,673
1710859636241,700
1710859636941,736
1710859637677,739
1710859638416,733
1710859639149,694
1710859639843,699
1710859640542,703
1710859641245,744
1710859641989,767
1710859642756,796
1710859643552,816
1710859644368,796
1710859645164,773
1710859645937,741
1710859646678,759
1710859647437,763
1710859648200,753
1710859648953,767
1710859649720,768
1710859650488,763
1710859651251,792
1710859652043,801
1710859652844,811
1710859653655,834
1710859654489,821
1710859655310,825
1710859656135,784
1710859656919,762
1710859657681,742
1710859658423,741
1710859659164,741
1710859659905,754
1710859660659,728
1710859661387,719
1710859662105,678
1710859662784,703
1710859663487,737
1710859664224,767
1710859664991,790
1710859665781,785
1710859666566,764
1710859667329,729
1710859668059,710
1710859668769,761
1710859669529,813
1710859670343,805
1710859671148,788
1710859671936,753
1710859672689,771
1710859673460,769
1710859674229,801
1710859675030,829
1710859675859,832
1710859676691,830
1710859677521,837
1710859678358,854
1710859679212,868
1710859680080,876
1710859680956,875
1710859681831,833
1710859682664,793
1710859683457,804
1710859684261,811
1710859685072,817
1710859685889,828
1710859686717,854
1710859687571,869
1710859688440,879
1710859689319,866
1710859690185,845
1710859691030,825
1710859691855,810
1710859692665,790
1710859693455,785
1710859694240,814
1710859695054,841
1710859695895,841
1710859696736,855
1710859697591,855
1710859698446,877
1710859699323,888
1710859700211,880
1710859701091,860
1710859701951,855
1710859702806,840
1710859703646,853
1710859704499,868
1710859705367,870
1710859706237,866
1710859707103,866
1710859707969,826
1710859708795,793
1710859709588,793
1710859710381,800
1710859711181,800
1710859711981,788
1710859712769,772
1710859713541,769
1710859714310,768
1710859715078,784
1710859715862,785
1710859716647,771
1710859717417,772
1710859718190,764
1710859718953,775
1710859719729,761
1710859720489,765
1710859721255,766
1710859722021,756
1710859722777,747
1710859723524,734
1710859724257,734
1710859724992,769
1710859725761,799
1710859726560,809
1710859727369,780
1710859728149,794
1710859728943,801
1710859729744,771
1710859730515,770
1710859731285,735
1710859732020,711
1710859732731,717
1710859733448,717
1710859734165,711
1710859734876,715
1710859735591,722
1710859736313,788
1710859737101,849
1710859737950,823
1710859738773,790
1710859739563,774
1710859740337,786
1710859741123,775
1710859741897,800
1710859742697,803
1710859743501,809
1710859744310,804
1710859745113,822
1710859745936,822
1710859746758,835
1710859747593,843
1710859748436,843
1710859749279,868
1710859750147,883
1710859751030,908
1710859751937,879
1710859752817,808
1710859753625,780
1710859754405,769
1710859755174,777
1710859755951,776
1710859756727,802
1710859757529,848
1710859758377,893
1710859759270,920
1710859760190,917
1710859761107,897
1710859762004,896
1710859762900,884
1710859763784,841
1710859764625,800
1710859765425,821
1710859766246,865
1710859767111,905
1710859768016,914
1710859768929,925
1710859769855,925
1710859770780,947
1710859771727,951
1710859772678,928
1710859773606,907
1710859774513,896
1710859775409,877
1710859776286,892
1710859777177,860
1710859778038,876
1710859778913,883
1710859779797,895
1710859780692,901
1710859781593,895
1710859782488,884
1710859783372,860
1710859784232,851
1710859785083,833
1710859785916,841
1710859786757,852
1710859787609,835
1710859788444,826
1710859789270,849
1710859790119,858
1710859790977,867
1710859791844,895
1710859792739,908
1710859793647,911
1710859794558,904
1710859795462,897
1710859796359,863
1710859797222,834
1710859798056,855
1710859798911,878
1710859799789,909
1710859800697,904
1710859801601,895
1710859802497,853
1710859803350,832
1710859804182,829
1710859805011,840
1710859805851,865
1710859806716,879
1710859807595,891
1710859808486,889
1710859809375,862
1710859810237,850
1710859811087,858
1710859811945,846
1710859812791,823
1710859813614,802
1710859814416,807
1710859815223,818
1710859816041,836
1710859816877,842
1710859817719,825
1710859818544,794
1710859819337,789
1710859820127,809
1710859820936,837
1710859821773,854
1710859822627,839
1710859823465,814
1710859824280,827
1710859825107,835
1710859825942,829
1710859826771,839
1710859827609,837
1710859828447,833
1710859829280,815
1710859830095,788
1710859830883,793
1710859831676,813
1710859832489,831
1710859833320,847
1710859834167,839
1710859835006,824
1710859835830,797
1710859836627,791
1710859837417,797
1710859838215,806
1710859839021,813
1710859839833,807
1710859840641,792
1710859841433,806
1710859842239,815
1710859843054,824
1710859843878,827
1710859844705,828
1710859845533,808
1710859846341,775
1710859847116,779
1710859847895,787
1710859848681,805
1710859849487,815
1710859850302,812
1710859851113,813
1710859851927,811
1710859852737,795
1710859853533,779
1710859854312,779
1710859855091,801
1710859855892,804
1710859856696,816
1710859857512,823
1710859858335,820
1710859859155,805
1710859859960,786
1710859860745,776
1710859861521,783
1710859862305,791
1710859863096,785
1710859863881,749
1710859864630,715
1710859865345,696
1710859866041,710
1710859866751,726
1710859867477,764
1710859868241,773
1710859869014,765
1710859869779,746
1710859870525,713
1710859871238,721
1710859871959,724
1710859872683,736
1710859873419,734
1710859874153,736
1710859874889,742
1710859875631,738
1710859876369,722
1710859877091,715
1710859877806,746
1710859878552,790
1710859879342,819
1710859880161,829
1710859880990,827
1710859881817,790
1710859882607,754
1710859883361,750
1710859884111,771
1710859884881,787
1710859885669,807
1710859886476,829
1710859887305,825
1710859888129,799
1710859888929,795
1710859889724,813
1710859890537,803
1710859891340,786
1710859892126,768
1710859892894,749
1710859893643,720
1710859894363,713
1710859895076,710
1710859895785,729
1710859896515,735
1710859897249,760
1710859898009,762
1710859898772,746
1710859899518,739
1710859900257,738
1710859900995,747
1710859901742,771
1710859902513,761
1710859903273,690
1710859903964,667
1710859904631,642
1710859905273,637
1710859905910,643
1710859906553,701
1710859907254,775
1710859908029,803
1710859908832,816
1710859909648,839
1710859910487,855
1710859911342,859
1710859912201,841
1710859913041,814
1710859913856,789
1710859914645,822
1710859915467,860
1710859916327,880
1710859917207,876
1710859918083,904
1710859918987,924
1710859919911,934
1710859920845,938
1710859921783,916
1710859922699,894
1710859923593,861
1710859924454,866
1710859925320,886
1710859926206,903
1710859927109,895
1710859928004,842
1710859928846,823
1710859929669,853
1710859930521,887
1710859931409,900
1710859932309,922
1710859933231,904
1710859934135,888
1710859935023,880
1710859935903,873
1710859936776,890
1710859937665,892
1710859938558,896
1710859939454,905
1710859940359,890
1710859941249,851
1710859942100,810
1710859942910,765
1710859943675,719
1710859944393,701
1710859945095,700
1710859945795,702
1710859946497,702
1710859947199,705
1710859947904,726
1710859948630,752
1710859949382,789
1710859950171,813
1710859950984,812
1710859951796,818
1710859952614,798
1710859953412,770
1710859954182,748
1710859954929,756
1710859955686,773
1710859956459,770
1710859957229,770
1710859957999,760
1710859958759,755
1710859959513,750
1710859960264,740
1710859961004,724
1710859961728,731
1710859962459,737
1710859963196,756
1710859963952,758
1710859964710,748
1710859965457,716
1710859966174,715
1710859966889,719
1710859967608,723
1710859968331,734
1710859969065,729
1710859969793,717
1710859970511,710
1710859971221,693
1710859971913,711
1710859972625,719
1710859973344,716
1710859974060,711
1710859974771,695
1710859975465,679
1710859976145,672
1710859976817,678
1710859977495,679
1710859978174,700
1710859978873,714
1710859979588,705
1710859980293,701
1710859980993,708
1710859981702,729
1710859982431,738
1710859983169,738
1710859983907,708
1710859984615,670
1710859985285,646
1710859985931,623
1710859986553,612
1710859987166,605
1710859987771,623
1710859988393,672
1710859989065,722
1710859989788,772
1710859990560,813
1710859991373,824
1710859992197,826
1710859993023,814
1710859993837,804
1710859994641,812
1710859995453,813
1710859996265,815
1710859997081,820
1710859997901,807
1710859998708,805
1710859999513,771
1710860000284,766
1710860001049,791
1710860001841,794
1710860002635,813
1710860003448,820
1710860004268,787
1710860005055,762
1710860005817,753
1710860006569,761
1710860007331,777
1710860008108,787
1710860008895,791
1710860009686,776
1710860010462,751
1710860011213,740
1710860011953,764
1710860012717,777
1710860013494,796
1710860014289,796
1710860015086,786
1710860015872,787
1710860016659,766
1710860017425,784
1710860018209,795
1710860019004,788
1710860019792,789
1710860020581,801
1710860021382,797
1710860022179,786
1710860022965,762
1710860023727,766
1710860024493,813
1710860025305,832
1710860026137,839
1710860026977,822
1710860027799,811
1710860028609,802
1710860029412,789
1710860030201,771
1710860030972,778
1710860031750,804
1710860032553,846
1710860033400,872
1710860034272,891
1710860035163,890
1710860036053,868
1710860036921,851
1710860037772,836
1710860038608,831
1710860039439,816
1710860040255,831
1710860041086,819
1710860041905,802
1710860042707,773
1710860043480,775
1710860044255,800
1710860045055,808
1710860045863,811
1710860046673,790
1710860047464,766
1710860048230,758
1710860048988,772
1710860049760,786
1710860050545,808
1710860051353,813
1710860052167,811
1710860052977,782
1710860053760,781
1710860054541,797
1710860055337,795
1710860056133,813
1710860056945,820
1710860057766,813
1710860058579,780
1710860059359,797
1710860060156,813
1710860060969,817
1710860061785,804
1710860062590,776
1710860063366,771
1710860064137,755
1710860064892,729
1710860065621,685
1710860066305,669
1710860066975,648
1710860067623,639
1710860068262,622
1710860068884,628
1710860069512,663
1710860070175,686
1710860070861,708
1710860071569,726
1710860072295,716
1710860073011,705
1710860073716,685
1710860074401,675
1710860075076,665
1710860075741,653
1710860076393,649
1710860077043,650
1710860077693,674
1710860078367,711
1710860079078,744
1710860079822,775
1710860080597,755
1710860081352,756
1710860082108,759
1710860082867,760
1710860083627,742
1710860084369,745
1710860085113,746
1710860085860,751
1710860086611,757
1710860087368,744
1710860088112,736
1710860088848,741
1710860089589,731
1710860090320,733
1710860091053,717
1710860091769,706
1710860092476,689
1710860093165,714
1710860093879,729
1710860094608,752
1710860095360,762
1710860096121,774
1710860096896,768
1710860097664,764
1710860098428,753
1710860099181,746
1710860099927,763
1710860100689,775
1710860101465,781
1710860102246,789
1710860103035,813
1710860103848,811
1710860104659,796
1710860105455,808
1710860106263,813
1710860107076,804
1710860107880,773
1710860108653,797
1710860109449,811
1710860110261,813
1710860111073,796
1710860111870,774
1710860112644,773
1710860113417,799
1710860114216,804
1710860115020,789
1710860115809,759
1710860116568,767
1710860117335,771
1710860118105,771
1710860118877,770
1710860119647,795
1710860120441,823
1710860121265,802
1710860122067,784
1710860122851,803
1710860123654,824
1710860124478,823
1710860125301,807
1710860126108,781
1710860126889,787
1710860127676,798
1710860128473,789
1710860129263,779
1710860130041,771
1710860130813,803
1710860131616,810
1710860132425,804
1710860133230,792
1710860134022,792
1710860134814,786
1710860135600,770
1710860136369,753
1710860137123,758
1710860137881,773
1710860138654,784
1710860139438,771
1710860140209,765
1710860140974,778
1710860141752,799
1710860142551,812
1710860143363,800
1710860144163,798
1710860144961,805
1710860145766,793
1710860146559,775
1710860147334,771
1710860148105,758
1710860148863,769
1710860149632,781
1710860150413,794
1710860151207,800
1710860152007,781
1710860152788,762
1710860153550,773
1710860154323,757
1710860155080,770
1710860155849,760
1710860156609,761
1710860157371,784
1710860158155,805
1710860158960,812
1710860159772,812
1710860160584,798
1710860161382,768
1710860162150,788
1710860162937,785
1710860163723,794
1710860164517,784
1710860165301,752
1710860166053,751
1710860166804,784
1710860167588,807
1710860168395,824
1710860169219,836
1710860170055,813
1710860170868,782
1710860171649,784
1710860172433,784
1710860173217,782
1710860174000,755
1710860174755,731
1710860175486,712
1710860176198,726
1710860176924,758
1710860177681,779
1710860178461,804
1710860179265,803
1710860180068,773
1710860180841,776
1710860181617,777
1710860182393,778
1710860183172,775
1710860183947,778
1710860184725,762
1710860185487,767
1710860186254,781
1710860187035,788
1710860187823,796
1710860188619,778
1710860189397,757
1710860190153,763
1710860190917,748
1710860191665,717
1710860192382,687
1710860193069,661
1710860193729,642
1710860194372,641
1710860195013,648
1710860195661,669
1710860196329,687
1710860197017,702
1710860197719,703
1710860198422,703
1710860199125,708
1710860199833,721
1710860200553,740
1710860201294,733
1710860202027,723
1710860202750,700
1710860203449,683
1710860204133,691
1710860204824,715
1710860205539,732
1710860206271,741
1710860207012,757
1710860207769,751
1710860208520,746
1710860209265,754
1710860210020,781
1710860210801,769
1710860211569,783
1710860212353,773
1710860213126,757
1710860213883,740
1710860214623,742
1710860215365,752
1710860216117,754
1710860216871,752
1710860217623,752
1710860218375,747
1710860219121,749
1710860219871,765
1710860220636,770
1710860221406,800
1710860222206,777
1710860222983,755
1710860223737,737
1710860224475,736
1710860225211,739
1710860225950,744
1710860226694,762
1710860227456,757
1710860228213,755
1710860228968,771
1710860229739,767
1710860230505,757
1710860231263,702
1710860231965,686
1710860232651,687
1710860233337,703
1710860234041,732
1710860234773,746
1710860235519,754
1710860236273,748
1710860237021,777
1710860237798,786
1710860238584,788
1710860239372,788
1710860240160,766
1710860240926,746
1710860241672,745
1710860242417,746
1710860243163,777
1710860243940,794
1710860244734,800
1710860245534,795
1710860246329,791
1710860247120,786
1710860247905,789
1710860248695,807
1710860249502,775
1710860250277,769
1710860251046,793
1710860251839,801
1710860252640,813
1710860253453,797
1710860254249,781
1710860255031,755
1710860255785,732
1710860256518,739
1710860257257,766
1710860258023,794
1710860258817,810
1710860259627,818
1710860260445,845
1710860261289,851
1710860262141,830
1710860262971,829
1710860263800,828
1710860264628,829
1710860265457,832
1710860266289,794
1710860267083,727
1710860267809,686
1710860268496,671
1710860269167,688
1710860269855,784
1710860270639,840
1710860271479,831
1710860272310,839
1710860273149,857
1710860274006,873
1710860274879,895
1710860275774,904
1710860276678,902
1710860277580,844
1710860278424,810
1710860279233,801
1710860280035,764
1710860280799,758
1710860281557,757
1710860282313,766
1710860283080,756
1710860283836,736
1710860284572,714
1710860285286,698
1710860285984,695
1710860286679,687
1710860287366,678
1710860288044,644
1710860288688,619
1710860289307,622
1710860289929,624
1710860290553,628
1710860291181,627
1710860291808,620
1710860292428,616
1710860293044,618
1710860293662,618
1710860294280,621
1710860294901,622
1710860295523,613
1710860296136,606
1710860296742,604
1710860297345,603
1710860297949,614
1710860298563,624
1710860299187,620
1710860299807,619
1710860300425,612
1710860301038,613
1710860301651,603
1710860302254,595
1710860302849,562
1710860303411,569
1710860303980,605
1710860304585,662
1710860305247,691
1710860305937,697
1710860306635,679
1710860307313,649
1710860307963,648
1710860308611,662
1710860309273,666
1710860309939,675
1710860310614,676
1710860311289,680
1710860311969,677
1710860312647,683
1710860313329,683
1710860314013,677
1710860314689,666
1710860315356,682
1710860316038,690
1710860316728,708
1710860317436,704
1710860318140,692
1710860318832,686
1710860319518,680
1710860320198,688
1710860320886,698
1710860321584,709
1710860322293,685
1710860322977,670
1710860323648,671
1710860324319,676
1710860324995,691
1710860325686,680
1710860326366,674
1710860327040,687
1710860327727,719
1710860328446,727
1710860329173,700
1710860329873,688
1710860330561,684
1710860331245,691
1710860331936,688
1710860332624,671
1710860333295,663
1710860333958,664
1710860334622,683
1710860335305,684
1710860335989,680
1710860336669,667
1710860337336,667
1710860338003,677
1710860338680,696
1710860339376,707
1710860340083,715
1710860340798,683
1710860341481,670
1710860342151,680
1710860342831,697
1710860343528,718
1710860344246,725
1710860344971,719
1710860345689,712
1710860346401,712
1710860347113,709
1710860347823,714
1710860348537,723
1710860349260,680
1710860349940,672
1710860350612,701
1710860351313,724
1710860352037,739
1710860352776,702
1710860353478,736
1710860354214,785
1710860354999,806
1710860355805,809
1710860356614,754
1710860357368,721
1710860358089,757
1710860358846,796
1710860359641,781
1710860360423,854
1710860361277,869
1710860362145,857
1710860363003,833
1710860363836,849
1710860364685,860
1710860365545,857
1710860366401,859
1710860367261,804
1710860368065,795
1710860368860,739
1710860369599,736
1710860370335,718
1710860371053,736
1710860371789,770
1710860372559,801
1710860373360,803
1710860374163,801
1710860374964,796
1710860375760,729
1710860376489,774
1710860377263,813
1710860378076,803
1710860378879,854
1710860379733,858
1710860380591,838
1710860381429,819
1710860382248,762
1710860383009,719
1710860383729,708
1710860384437,785
1710860385222,868
1710860386089,901
1710860386991,889
1710860387880,901
1710860388781,895
1710860389676,918
1710860390593,907
1710860391501,858
1710860392359,813
1710860393172,826
1710860393998,809
1710860394807,813
1710860395620,786
1710860396406,796
1710860397201,845
1710860398047,867
1710860398913,899
1710860399813,913
1710860400726,916
1710860401641,892
1710860402534,850
1710860403384,766
1710860404150,711
1710860404861,696
1710860405557,739
1710860406296,819
1710860407115,863
1710860407977,825
1710860408803,771
1710860409574,767
1710860410341,746
1710860411087,763
1710860411849,810
1710860412660,843
1710860413503,855
1710860414358,870
1710860415228,856
1710860416084,820
1710860416904,766
1710860417670,758
1710860418428,794
1710860419222,852
1710860420073,904
1710860420977,942
1710860421920,961
1710860422881,958
1710860423839,944
1710860424783,939
1710860425721,908
1710860426630,866
1710860427496,819
1710860428315,904
1710860429219,930
1710860430149,938
1710860431087,339
1710860431425,582
1710860432008,896
1710860432904,864
1710860433768,806
1710860434574,789
1710860435363,804
1710860436167,846
1710860437013,893
1710860437905,934
1710860438840,951
1710860439791,979
1710860440769,966
1710860441736,956
1710860442692,970
1710860443662,954
1710860444616,930
1710860445545,827
1710860446373,764
1710860447137,779
1710860447916,788
1710860448704,811
1710860449515,837
1710860450352,814
1710860451166,779
1710860451945,766
1710860452711,792
1710860453503,816
1710860454319,850
1710860455169,873
1710860456041,871
1710860456913,890
1710860457803,898
1710860458701,910
1710860459611,893
1710860460504,873
1710860461377,847
1710860462224,804
1710860463028,765
1710860463793,771
1710860464564,829
1710860465393,857
1710860466249,879
1710860467129,904
1710860468033,879
1710860468912,802
1710860469713,753
1710860470467,762
1710860471229,764
1710860471993,778
1710860472771,761
1710860473532,732
1710860474264,723
1710860474987,729
1710860475716,739
1710860476455,763
1710860477217,770
1710860477988,774
1710860478761,779
1710860479541,779
1710860480320,784
1710860481104,778
1710860481881,773
1710860482655,777
1710860483432,778
1710860484209,787
1710860484997,771
1710860485768,760
1710860486528,726
1710860487254,728
1710860487982,762
1710860488744,792
1710860489536,826
1710860490361,819
1710860491181,812
1710860491993,800
1710860492793,788
1710860493581,776
1710860494357,762
1710860495119,746
1710860495865,732
1710860496597,747
1710860497344,781
1710860498125,817
1710860498942,841
1710860499783,835
1710860500617,820
1710860501438,787
1710860502225,749
1710860502974,726
1710860503700,730
1710860504430,746
1710860505176,770
1710860505945,783
1710860506729,785
1710860507513,794
1710860508308,808
1710860509116,800
1710860509916,772
1710860510688,748
1710860511436,730
1710860512166,726
1710860512892,743
1710860513635,757
1710860514392,772
1710860515164,770
1710860515934,766
1710860516700,757
1710860517457,747
1710860518204,741
1710860518945,726
1710860519671,718
1710860520389,741
1710860521129,745
1710860521875,755
1710860522630,737
1710860523367,732
1710860524099,733
1710860524832,728
1710860525560,727
1710860526287,718
1710860527005,709
1710860527713,696
1710860528409,690
1710860529100,708
1710860529808,729
1710860530537,776
1710860531313,788
1710860532101,793
1710860532894,792
1710860533686,776
1710860534462,771
1710860535233,758
1710860535991,734
1710860536725,723
1710860537448,717
1710860538165,718
1710860538883,736
1710860539619,745
1710860540364,753
1710860541117,765
1710860541881,751
1710860542633,729
1710860543361,701
1710860544063,718
1710860544781,715
1710860545496,727
1710860546223,755
1710860546977,756
1710860547734,759
1710860548493,750
1710860549243,729
1710860549972,713
1710860550685,718
1710860551403,730
1710860552133,734
1710860552867,746
1710860553613,739
1710860554352,739
1710860555091,731
1710860555822,712
1710860556534,708
1710860557241,709
1710860557951,730
1710860558681,769
1710860559449,778
1710860560228,789
1710860561017,772
1710860561789,771
1710860562560,742
1710860563302,730
1710860564032,724
1710860564756,725
1710860565481,728
1710860566209,715
1710860566924,734
1710860567657,752
1710860568409,766
1710860569176,769
1710860569945,775
1710860570720,769
1710860571489,755
1710860572244,742
1710860572985,719
1710860573705,717
1710860574422,723
1710860575145,727
1710860575872,749
1710860576621,747
1710860577368,762
1710860578129,744
1710860578873,737
1710860579611,753
1710860580364,770
1710860581134,781
1710860581915,786
1710860582701,818
1710860583519,827
1710860584345,842
1710860585188,841
1710860586029,840
1710860586869,841
1710860587710,813
1710860588523,783
1710860589305,792
1710860590097,793
1710860590891,780
1710860591671,771
1710860592441,736
1710860593177,694
1710860593872,681
1710860594553,675
1710860595228,673
1710860595901,703
1710860596604,738
1710860597342,780
1710860598121,794
1710860598916,801
1710860599717,778
1710860600495,740
1710860601235,714
1710860601949,721
1710860602670,859
1710860603529,927
1710860604456,937
1710860605393,920
1710860606313,895
1710860607208,817
1710860608025,750
1710860608775,707
1710860609481,688
1710860610169,673
1710860610843,667
1710860611510,673
1710860612183,739
1710860612921,768
1710860613689,804
1710860614494,800
1710860615294,850
1710860616144,870
1710860617014,900
1710860617913,896
1710860618809,858
1710860619668,832
1710860620500,808
1710860621308,792
1710860622100,769
1710860622869,775
1710860623644,806
1710860624449,830
1710860625280,840
1710860626120,851
1710860626971,842
1710860627813,833
1710860628646,783
1710860629429,758
1710860630187,726
1710860630913,723
1710860631636,695
1710860632331,688
1710860633019,709
1710860633728,749
1710860634477,799
1710860635276,801
1710860636077,789
1710860636865,789
1710860637655,735
1710860638390,701
1710860639091,678
1710860639769,663
1710860640432,655
1710860641087,673
1710860641760,685
1710860642445,720
1710860643165,727
1710860643892,736
1710860644628,750
1710860645377,755
1710860646133,764
1710860646897,779
1710860647676,799
1710860648475,809
1710860649284,816
1710860650100,820
1710860650920,827
1710860651747,835
1710860652582,817
1710860653399,798
1710860654197,743
1710860654940,716
1710860655656,725
1710860656381,752
1710860657133,787
1710860657920,821
1710860658741,842
1710860659583,839
1710860660422,791
1710860661213,779
1710860661992,787
1710860662779,791
1710860663569,808
1710860664377,798
1710860665176,794
1710860665969,752
1710860666721,746
1710860667468,759
1710860668227,778
1710860669005,788
1710860669793,792
1710860670585,807
1710860671392,812
1710860672204,801
1710860673005,762
1710860673767,766
1710860674533,775
1710860675308,799
1710860676107,809
1710860676916,805
1710860677721,811
1710860678532,776
1710860679308,728
1710860680036,708
1710860680744,711
1710860681455,709
1710860682164,742
1710860682905,778
1710860683684,768
1710860684452,745
1710860685197,764
1710860685961,777
1710860686737,777
1710860687515,782
1710860688297,790
1710860689087,774
1710860689861,747
1710860690608,738
1710860691345,736
1710860692081,741
1710860692823,761
1710860693584,780
1710860694364,789
1710860695153,799
1710860695952,807
1710860696759,787
1710860697545,774
1710860698320,736
1710860699056,719
1710860699775,731
1710860700505,756
1710860701262,799
1710860702061,819
1710860702880,830
1710860703710,815
1710860704525,776
1710860705301,778
1710860706079,789
1710860706868,799
1710860707667,791
1710860708457,793
1710860709251,758
1710860710009,737
1710860710745,737
1710860711483,749
1710860712232,759
1710860712991,769
1710860713760,769
1710860714529,771
1710860715300,767
1710860716067,739
1710860716806,722
1710860717528,748
1710860718276,775
1710860719051,814
1710860719865,851
1710860720716,852
1710860721568,863
1710860722431,859
1710860723289,819
1710860724109,780
1710860724889,763
1710860725652,735
1710860726387,709
1710860727096,687
1710860727783,658
1710860728441,642
1710860729083,629
1710860729712,631
1710860730343,643
1710860730985,677
1710860731663,713
1710860732376,730
1710860733105,733
1710860733839,718
1710860734557,693
1710860735249,688
1710860735937,683
1710860736621,684
1710860737305,667
1710860737972,646
1710860738617,636
1710860739254,636
1710860739889,646
1710860740536,650
1710860741185,665
1710860741851,684
1710860742535,719
1710860743254,727
1710860743981,712
1710860744693,742
1710860745435,765
1710860746200,752
1710860746952,747
1710860747699,701
1710860748400,695
1710860749095,671
1710860749766,654
1710860750420,635
1710860751055,623
1710860751678,627
1710860752305,618
1710860752923,613
1710860753536,615
1710860754151,631
1710860754782,658
1710860755440,666
1710860756105,680
1710860756785,677
1710860757463,662
1710860758125,646
1710860758771,640
1710860759411,634
1710860760045,622
1710860760667,616
1710860761283,619
1710860761902,640
1710860762542,652
1710860763193,659
1710860763853,674
1710860764527,685
1710860765212,671
1710860765883,659
1710860766542,664
1710860767206,660
1710860767865,645
1710860768511,638
1710860769149,642
1710860769791,650
1710860770441,661
1710860771102,660
1710860771761,666
1710860772428,682
1710860773110,688
1710860773798,701
1710860774499,704
1710860775203,693
1710860775896,681
1710860776577,688
1710860777265,700
1710860777965,689
1710860778654,693
1710860779347,700
1710860780047,698
1710860780745,688
1710860781433,686
1710860782119,677
1710860782796,661
1710860783457,664
1710860784121,673
1710860784793,676
1710860785470,678
1710860786148,698
1710860786846,708
1710860787553,711
1710860788265,700
1710860788965,699
1710860789664,704
1710860790368,701
1710860791069,698
1710860791767,701
1710860792468,710
1710860793177,706
1710860793884,691
1710860794575,683
1710860795257,687
1710860795945,700
1710860796645,706
1710860797351,697
1710860798048,700
1710860798748,722
1710860799470,726
1710860800196,725
1710860800921,729
1710860801649,734
1710860802384,717
1710860803101,711
1710860803812,709
1710860804521,718
1710860805239,720
1710860805959,721
1710860806680,733
1710860807413,752
1710860808165,789
1710860808953,786
1710860809740,762
1710860810502,772
1710860811273,766
1710860812040,770
1710860812809,759
1710860813569,757
1710860814326,761
1710860815087,777
1710860815864,772
1710860816636,778
1710860817414,773
1710860818187,764
1710860818951,737
1710860819688,736
1710860820424,745
1710860821169,743
1710860821912,738
1710860822649,736
1710860823385,754
1710860824140,744
1710860824884,733
1710860825617,735
1710860826352,737
1710860827089,740
1710860827829,730
1710860828559,743
1710860829302,739
1710860830041,739
1710860830780,733
1710860831513,739
1710860832252,771
1710860833023,758
1710860833781,744
1710860834525,759
1710860835284,747
1710860836031,725
1710860836756,736
1710860837492,736
1710860838228,722
1710860838950,725
1710860839675,743
1710860840417,750
1710860841168,757
1710860841925,750
1710860842675,751
1710860843425,737
1710860844163,730
1710860844893,748
1710860845641,772
1710860846413,776
1710860847189,765
1710860847953,759
1710860848713,747
1710860849460,746
1710860850206,723
1710860850929,718
1710860851647,711
1710860852358,714
1710860853072,719
1710860853791,729
1710860854520,760
1710860855280,771
1710860856051,759
1710860856809,748
1710860857558,760
1710860858318,744
1710860859062,726
1710860859788,711
1710860860499,702
1710860861201,711
1710860861912,702
1710860862614,716
1710860863329,735
1710860864065,771
1710860864836,768
1710860865604,771
1710860866375,763
1710860867137,755
1710860867893,738
1710860868631,712
1710860869343,704
1710860870047,706
1710860870753,716
1710860871469,723
1710860872192,745
1710860872937,738
1710860873675,733
1710860874408,732
1710860875140,717
1710860875857,706
1710860876563,704
1710860877267,708
1710860877975,716
1710860878691,717
1710860879408,704
1710860880112,707
1710860880819,707
1710860881526,705
1710860882231,698
1710860882929,695
1710860883624,701
1710860884325,710
1710860885035,711
1710860885745,718
1710860886464,730
1710860887193,731
1710860887925,732
1710860888657,710
1710860889367,708
1710860890075,685
1710860890760,646
1710860891406,622
1710860892028,638
1710860892665,674
1710860893340,703
1710860894043,703
1710860894745,713
1710860895459,725
1710860896184,735
1710860896919,737
1710860897656,720
1710860898376,710
1710860899086,725
1710860899811,725
1710860900536,723
1710860901259,740
1710860901999,768
1710860902767,750
1710860903517,740
1710860904257,738
1710860904995,744
1710860905739,767
1710860906505,749
1710860907255,744
1710860907999,742
1710860908741,753
1710860909494,745
1710860910239,724
1710860910963,741
1710860911704,763
1710860912467,768
1710860913235,763
1710860913998,767
1710860914765,771
1710860915536,771
1710860916307,767
1710860917073,745
1710860917819,759
1710860918577,777
1710860919355,786
1710860920141,769
1710860920910,756
1710860921665,773
1710860922439,771
1710860923209,774
1710860923984,786
1710860924769,796
1710860925566,806
1710860926372,792
1710860927164,799
1710860927963,788
1710860928751,780
1710860929531,760
1710860930291,748
1710860931039,755
1710860931793,749
1710860932543,767
1710860933310,748
1710860934057,765
1710860934823,748
1710860935571,751
1710860936321,742
1710860937064,754
1710860937817,780
1710860938598,764
1710860939361,709
1710860940071,703
1710860940774,719
1710860941493,749
1710860942241,736
1710860942977,720
1710860943697,684
1710860944382,649
1710860945031,640
1710860945671,634
1710860946305,626
1710860946931,624
1710860947555,627
1710860948182,640
1710860948822,675
1710860949497,715
1710860950212,720
1710860950932,728
1710860951660,737
1710860952397,728
1710860953125,712
1710860953837,694
1710860954531,661
1710860955192,669
1710860955861,699
1710860956560,730
1710860957289,771
1710860958061,788
1710860958849,781
1710860959630,789
1710860960419,794
1710860961213,788
1710860962001,797
1710860962798,806
1710860963604,792
1710860964396,803
1710860965199,776
1710860965975,778
1710860966753,763
1710860967516,742
1710860968257,764
1710860969022,777
1710860969799,800
1710860970599,809
1710860971408,804
1710860972212,804
1710860973016,806
1710860973822,821
1710860974643,822
1710860975465,826
1710860976291,827
1710860977118,823
1710860977941,809
1710860978750,776
1710860979526,795
1710860980321,827
1710860981148,845
1710860981993,847
1710860982840,818
1710860983657,776
1710860984433,776
1710860985209,784
1710860985993,793
1710860986787,805
1710860987592,818
1710860988409,811
1710860989221,781
1710860990001,756
1710860990758,755
1710860991513,747
1710860992260,744
1710860993004,714
1710860993718,683
1710860994401,665
1710860995065,643
1710860995709,635
1710860996344,645
1710860996989,680
1710860997669,728
1710860998397,754
1710860999151,738
1710860999889,771
1710861000660,805
1710861001465,807
1710861002272,812
1710861003084,790
1710861003873,778
1710861004652,761
1710861005413,743
1710861006156,738
1710861006894,727
1710861007621,709
1710861008329,729
1710861009059,771
1710861009830,840
1710861010670,867
1710861011537,891
1710861012428,860
1710861013288,824
1710861014112,843
1710861014955,848
1710861015803,858
1710861016661,880
1710861017541,867
1710861018408,813
1710861019221,786
1710861020007,781
1710861020788,799
1710861021587,842
1710861022429,865
1710861023294,873
1710861024167,821
1710861024988,795
1710861025783,816
1710861026599,836
1710861027435,854
1710861028289,859
1710861029148,859
1710861030007,841
1710861030848,803
1710861031651,770
1710861032421,787
1710861033208,811
1710861034019,821
1710861034840,812
1710861035652,772
1710861036424,754
1710861037177,773
1710861037951,786
1710861038737,813
1710861039550,814
1710861040364,816
1710861041180,809
1710861041989,768
1710861042757,769
1710861043526,777
1710861044303,789
1710861045092,795
1710861045887,781
1710861046668,752
1710861047420,740
1710861048160,743
1710861048903,751
1710861049654,763
1710861050417,774
1710861051191,767
1710861051958,754
1710861052712,719
1710861053431,706
1710861054137,708
1710861054845,697
1710861055542,668
1710861056209,650
1710861056860,634
1710861057494,630
1710861058124,651
1710861058775,677
1710861059452,702
1710861060153,739
1710861060893,753
1710861061646,738
1710861062384,716
1710861063100,704
1710861063804,703
1710861064507,723
1710861065230,729
1710861065959,731
1710861066689,745
1710861067435,722
1710861068157,715
1710861068872,700
1710861069572,714
1710861070286,721
1710861071007,717
1710861071724,724
1710861072448,739
1710861073187,724
1710861073911,729
1710861074640,723
1710861075363,693
1710861076056,690
1710861076745,680
1710861077425,658
1710861078084,646
1710861078729,668
1710861079398,688
1710861080086,716
1710861080801,705
1710861081507,674
1710861082181,646
1710861082827,626
1710861083453,605
1710861084057,590
1710861084648,577
1710861085225,569
1710861085793,576
1710861086369,603
1710861086973,644
1710861087617,640
1710861088257,670
1710861088927,673
1710861089600,660
1710861090260,676
1710861090936,673
1710861091609,691
1710861092300,679
1710861092979,695
1710861093673,727
1710861094401,746
1710861095147,761
1710861095908,746
1710861096654,737
1710861097391,751
1710861098142,741
1710861098883,723
1710861099606,735
1710861100341,725
1710861101065,727
1710861101793,731
1710861102524,733
1710861103257,713
1710861103969,697
1710861104667,705
1710861105372,725
1710861106097,744
1710861106841,739
1710861107580,744
1710861108324,749
1710861109073,727
1710861109800,709
1710861110509,701
1710861111209,717
1710861111927,733
1710861112660,735
1710861113395,737
1710861114132,774
1710861114905,786
1710861115692,778
1710861116470,795
1710861117265,794
1710861118059,773
1710861118832,768
1710861119600,792
1710861120392,801
1710861121193,778
1710861121971,762
1710861122733,776
1710861123509,765
1710861124273,772
1710861125046,753
1710861125799,774
1710861126573,775
1710861127348,762
1710861128110,779
1710861128889,778
1710861129667,773
1710861130440,756
1710861131196,750
1710861131945,759
1710861132705,744
1710861133449,746
1710861134195,756
1710861134951,765
1710861135716,755
1710861136471,749
1710861137220,760
1710861137980,759
1710861138739,747
1710861139486,769
1710861140255,777
1710861141032,772
1710861141804,748
1710861142552,748
1710861143300,754
1710861144054,757
1710861144811,761
1710861145572,745
1710861146317,757
1710861147073,760
1710861147833,781
1710861148615,758
1710861149373,752
1710861150125,759
1710861150884,745
1710861151629,742
1710861152371,736
1710861153107,771
1710861153878,796
1710861154673,803
1710861155477,779
1710861156256,803
1710861157059,798
1710861157857,774
1710861158631,768
1710861159399,776
1710861160175,770
1710861160945,767
1710861161712,771
1710861162483,796
1710861163279,805
1710861164084,802
1710861164886,793
1710861165679,788
1710861166467,800
1710861167267,802
1710861168069,777
1710861168846,762
1710861169608,789
1710861170397,792
1710861171189,788
1710861171977,788
1710861172765,798
1710861173563,789
1710861174352,766
1710861175118,763
1710861175881,762
1710861176643,765
1710861177408,758
1710861178166,739
1710861178905,737
1710861179641,763
1710861180405,775
1710861181180,771
1710861181951,760
1710861182711,765
1710861183476,787
1710861184263,780
1710861185043,778
1710861185821,752
1710861186573,758
1710861187331,767
1710861188097,765
1710861188863,754
1710861189617,757
1710861190374,743
1710861191117,766
1710861191883,774
1710861192657,788
1710861193445,763
1710861194208,762
1710861194969,780
1710861195750,760
1710861196510,753
1710861197263,732
1710861197995,730
1710861198725,731
1710861199456,713
1710861200169,722
1710861200891,741
1710861201632,749
1710861202381,764
1710861203145,748
1710861203893,762
1710861204655,770
1710861205425,769
1710861206193,766
1710861206960,776
1710861207736,766
1710861208502,747
1710861209249,721
1710861209969,719
1710861210689,728
1710861211417,741
1710861212158,736
1710861212894,723
1710861213617,730
1710861214347,729
1710861215076,732
1710861215808,735
1710861216543,759
1710861217302,772
1710861218073,769
1710861218843,766
1710861219609,773
1710861220382,768
1710861221150,744
1710861221894,738
1710861222632,738
1710861223369,739
1710861224109,738
1710861224847,739
1710861225585,755
1710861226341,749
1710861227089,744
1710861227833,718
1710861228552,714
1710861229265,722
1710861229988,743
1710861230731,742
1710861231473,750
1710861232223,729
1710861232952,732
1710861233684,748
1710861234432,736
1710861235168,717
1710861235885,717
1710861236601,714
1710861237316,732
1710861238048,723
1710861238771,728
1710861239499,759
1710861240257,757
1710861241015,765
1710861241780,764
1710861242544,789
1710861243333,793
1710861244126,763
1710861244889,750
1710861245639,732
1710861246371,742
1710861247113,747
1710861247860,742
1710861248601,753
1710861249355,751
1710861250105,731
1710861250837,720
1710861251557,708
1710861252265,706
1710861252971,716
1710861253687,724
1710861254411,752
1710861255163,768
1710861255931,764
1710861256695,773
1710861257468,781
1710861258249,766
1710861259015,742
1710861259757,740
1710861260497,728
1710861261225,709
1710861261934,709
1710861262643,719
1710861263361,746
1710861264108,737
1710861264845,729
1710861265574,758
1710861266332,753
1710861267085,749
1710861267833,722
1710861268556,714
1710861269270,715
1710861269985,721
1710861270705,713
1710861271419,710
1710861272129,721
1710861272849,732
1710861273582,738
1710861274320,734
1710861275054,749
1710861275803,745
1710861276548,746
1710861277294,753
1710861278047,737
1710861278784,729
1710861279513,700
1710861280213,694
1710861280907,700
1710861281607,673
1710861282280,665
1710861282945,660
1710861283605,650
1710861284255,631
1710861284886,608
1710861285494,596
1710861286089,584
1710861286673,578
1710861287252,578
1710861287830,598
1710861288428,624
1710861289052,658
1710861289710,672
1710861290382,687
1710861291069,694
1710861291763,703
1710861292465,712
1710861293177,694
1710861293872,695
1710861294567,749
1710861295316,817
1710861296133,854
1710861296987,887
1710861297873,902
1710861298776,937
1710861299713,897
1710861300609,844
1710861301454,818
1710861302272,567
1710861302839,1101
1710861303940,862
1710861304801,844
1710861305646,802
1710861306448,834
1710861307281,814
1710861308096,814
1710861308910,817
1710861309727,792
1710861310519,788
1710861311307,787
1710861312094,771
1710861312865,740
1710861313605,715
1710861314320,765
1710861315085,813
1710861315897,856
1710861316753,886
1710861317640,906
1710861318545,924
1710861319470,924
1710861320393,941
1710861321335,938
1710861322273,939
1710861323212,929
1710861324141,900
1710861325041,871
1710861325912,863
1710861326775,817
1710861327592,774
1710861328366,789
1710861329155,807
1710861329961,848
1710861330809,870
1710861331680,879
1710861332559,871
1710861333430,819
1710861334249,786
1710861335035,796
1710861335831,792
1710861336623,801
1710861337424,787
1710861338211,771
1710861338982,743
1710861339725,740
1710861340465,741
1710861341206,752
1710861341958,777
1710861342735,789
1710861343524,783
1710861344307,759
1710861345065,770
1710861345836,786
1710861346622,804
1710861347425,801
1710861348227,804
1710861349031,772
1710861349803,736
1710861350539,742
1710861351281,756
1710861352037,772
1710861352809,770
1710861353579,773
1710861354352,763
1710861355115,741
1710861355856,725
1710861356581,743
1710861357324,766
1710861358089,788
1710861358878,802
1710861359680,782
1710861360462,749
1710861361211,745
1710861361956,742
1710861362697,749
1710861363447,757
1710861364204,762
1710861364966,764
1710861365729,745
1710861366475,730
1710861367205,743
1710861367948,743
1710861368691,760
1710861369451,765
1710861370216,767
1710861370983,769
1710861371752,740
1710861372492,740
1710861373232,740
1710861373972,749
1710861374721,742
1710861375463,740
1710861376203,740
1710861376943,706
1710861377649,703
1710861378352,716
1710861379068,729
1710861379797,768
1710861380565,787
1710861381352,808
1710861382160,804
1710861382964,765
1710861383729,744
1710861384473,760
1710861385233,779
1710861386012,785
1710861386797,796
1710861387593,791
1710861388384,776
1710861389160,728
1710861389888,701
1710861390589,700
1710861391289,700
1710861391989,685
1710861392673,688
1710861393361,698
1710861394060,724
1710861394784,750
1710861395534,760
1710861396294,762
1710861397056,736
1710861397792,706
1710861398497,685
1710861399183,673
1710861399856,680
1710861400536,686
1710861401222,707
1710861401929,746
1710861402675,755
1710861403430,740
1710861404169,727
1710861404897,746
1710861405643,796
1710861406439,810
1710861407249,820
1710861408069,824
1710861408893,804
1710861409697,739
1710861410436,723
1710861411159,724
1710861411883,689
1710861412572,667
1710861413239,661
1710861413900,673
1710861414573,696
1710861415269,702
1710861415971,709
1710861416680,724
1710861417404,679
1710861418083,690
1710861418773,672
1710861419445,661
1710861420105,777
1710861420883,4086
1710861420673,1110
1710861421784,544
1710861422328,534
1710861422862,530
1710861423392,526
1710861423918,521
1710861424439,521
1710861424960,528
1710861425488,540
1710861426028,555
1710861426583,574
1710861427157,589
1710861427745,612
1710861428358,645
1710861429003,686
1710861429689,738
1710861430427,769
1710861431196,779
1710861431975,784
1710861432759,801
1710861433560,781
1710861434341,744
1710861435085,764
1710861435849,785
1710861436633,772
1710861437406,741
1710861438147,734
1710861438881,714
1710861439595,736
1710861440331,759
1710861441089,771
1710861441861,774
1710861442635,752
1710861443387,713
1710861444100,710
1710861444809,710
1710861445520,728
1710861446248,747
1710861446995,756
1710861447751,766
1710861448517,752
1710861449269,764
1710861450033,757
1710861450790,731
1710861451521,704
1710861452225,698
1710861452923,719
1710861453641,888
1710861454529,884
1710861455414,876
1710861456289,886
1710861457176,879
1710861458055,875
1710861458929,873
1710861459803,856
1710861460659,864
1710861461523,855
1710861462377,846
1710861463224,833
1710861464057,835
1710861464892,840
1710861465732,841
1710861466573,825
1710861467398,805
1710861468203,788
1710861468991,779
1710861469769,765
1710861470535,752
1710861471287,732
1710861472019,725
1710861472744,720
1710861473464,703
1710861474167,730
1710861474897,738
1710861475635,736
1710861476371,759
1710861477129,746
1710861477876,731
1710861478607,744
1710861479351,731
1710861480081,735
1710861480817,736
1710861481553,769
1710861482321,760
1710861483081,754
1710861483836,721
1710861484557,697
1710861485254,700
1710861485953,729
1710861486683,775
1710861487457,826
1710861488284,858
1710861489142,854
1710861489996,804
1710861490800,752
1710861491552,723
1710861492275,731
1710861493006,757
1710861493763,780
1710861494543,798
1710861495341,812
1710861496153,808
1710861496961,760
1710861497721,743
1710861498464,729
1710861499193,748
1710861499941,756
1710861500697,759
1710861501456,750
1710861502206,732
1710861502937,721
1710861503659,710
1710861504369,689
1710861505057,667
1710861505725,673
1710861506398,684
1710861507081,706
1710861507788,727
1710861508515,762
1710861509277,770
1710861510047,768
1710861510815,767
1710861511582,743
1710861512325,715
1710861513040,713
1710861513753,711
1710861514464,719
1710861515183,715
1710861515897,718
1710861516616,715
1710861517331,723
1710861518054,702
1710861518756,687
1710861519443,692
1710861520135,701
1710861520836,712
1710861521548,715
1710861522263,710
1710861522973,649
1710861523622,633
1710861524255,629
1710861524884,643
1710861525527,687
1710861526214,738
1710861526952,766
1710861527718,769
1710861528487,753
1710861529240,711
1710861529951,690
1710861530641,690
1710861531331,684
1710861532015,678
1710861532693,673
1710861533366,670
1710861534036,663
1710861534699,650
1710861535349,637
1710861535985,647
1710861536633,667
1710861537300,712
1710861538012,761
1710861538773,780
1710861539553,790
1710861540343,800
1710861541143,803
1710861541945,789
1710861542735,747
1710861543481,716
1710861544198,715
1710861544913,713
1710861545625,722
1710861546348,716
1710861547064,715
1710861547779,708
1710861548487,690
1710861549177,666
1710861549843,665
1710861550508,675
1710861551183,699
1710861551881,721
1710861552603,736
1710861553339,744
1710861554083,742
1710861554825,727
1710861555552,701
1710861556253,677
1710861556929,679
1710861557609,689
1710861558297,712
1710861559009,722
1710861559732,726
1710861560457,720
1710861561177,694
1710861561872,670
1710861562542,674
1710861563216,681
1710861563897,689
1710861564585,700
1710861565286,705
1710861565991,686
1710861566677,670
1710861567347,654
1710861568001,646
1710861568647,652
1710861569299,685
1710861569984,729
1710861570713,735
1710861571448,744
1710861572192,741
1710861572933,723
1710861573656,724
1710861574380,740
1710861575120,754
1710861575873,730
1710861576604,726
1710861577329,699
1710861578029,649
1710861578678,644
1710861579321,653
1710861579975,685
1710861580660,733
1710861581393,756
1710861582149,774
1710861582923,782
1710861583705,759
1710861584464,725
1710861585189,724
1710861585913,737
1710861586649,738
1710861587388,747
1710861588135,758
1710861588893,771
1710861589664,769
1710861590433,758
1710861591191,733
1710861591924,703
1710861592627,678
1710861593305,679
1710861593984,755
1710861594739,777
1710861595516,776
1710861596292,789
1710861597081,783
1710861597864,778
1710861598641,784
1710861599425,775
1710861600201,768
1710861600969,760
1710861601729,728
1710861602457,713
1710861603169,693
1710861603863,688
1710861604551,674
1710861605225,650
1710861605875,644
1710861606519,638
1710861607157,629
1710861607785,617
1710861608403,611
1710861609014,595
1710861609609,583
1710861610192,575
1710861610767,584
1710861611351,592
1710861611943,596
1710861612539,601
1710861613140,610
1710861613750,640
1710861614390,682
1710861615072,737
1710861615809,740
1710861616549,713
1710861617262,696
1710861617958,684
1710861618641,687
1710861619329,723
1710861620052,729
1710861620781,771
1710861621552,948
1710861622500,962
1710861623462,938
1710861624400,880
1710861625280,800
1710861626080,718
1710861626798,659
1710861627457,628
1710861628085,612
1710861628697,637
1710861629334,740
1710861630073,855
1710861630929,886
1710861631815,922
1710861632737,959
1710861633696,989
1710861634685,1004
1710861635689,981
1710861636670,961
1710861637631,932
1710861638563,862
1710861639425,847
1710861640272,856
1710861641128,874
1710861642001,881
1710861642883,871
1710861643753,855
1710861644609,851
1710861645460,822
1710861646281,795
1710861647077,750
1710861647827,749
1710861648576,790
1710861649366,820
1710861650185,838
1710861651024,835
1710861651859,825
1710861652684,786
1710861653470,786
1710861654256,794
1710861655049,809
1710861655859,789
1710861656648,761
1710861657409,744
1710861658153,739
1710861658892,751
1710861659643,752
1710861660395,756
1710861661151,737
1710861661888,729
1710861662617,720
1710861663337,729
1710861664065,737
1710861664803,753
1710861665556,760
1710861666316,741
1710861667057,747
1710861667804,758
1710861668561,771
1710861669333,786
1710861670119,780
1710861670899,756
1710861671655,748
1710861672403,754
1710861673157,758
1710861673915,762
1710861674677,745
1710861675422,737
1710861676159,733
1710861676892,738
1710861677630,743
1710861678373,744
1710861679117,737
1710861679854,727
1710861680581,726
1710861681307,733
1710861682040,744
1710861682784,745
1710861683529,743
1710861684272,738
1710861685009,738
1710861685748,748
1710861686496,774
1710861687270,790
1710861688060,775
1710861688835,757
1710861689592,764
1710861690356,767
1710861691123,789
1710861691912,790
1710861692702,778
1710861693480,760
1710861694240,766
1710861695006,781
1710861695787,784
1710861696571,788
1710861697359,773
1710861698132,766
1710861698897,747
1710861699645,749
1710861700393,750
1710861701144,758
1710861701902,772
1710861702673,762
1710861703436,748
1710861704184,740
1710861704924,743
1710861705667,744
1710861706411,745
1710861707156,738
1710861707894,722
1710861708616,712
1710861709328,709
1710861710037,706
1710861710743,726
1710861711469,724
1710861712193,728
1710861712921,711
1710861713632,695
1710861714327,688
1710861715015,697
1710861715712,709
1710861716421,723
1710861717144,716
1710861717860,708
1710861718568,697
1710861719265,693
1710861719958,700
1710861720657,707
1710861721365,721
1710861722086,738
1710861722824,733
1710861723557,737
1710861724294,743
1710861725037,763
1710861725800,761
1710861726561,737
1710861727297,713
1710861728011,709
1710861728720,696
1710861729416,686
1710861730102,667
1710861730769,648
1710861731417,632
1710861732049,631
1710861732680,628
1710861733308,629
1710861733937,632
1710861734569,638
1710861735207,640
1710861735847,646
1710861736493,660
1710861737153,663
1710861737816,644
1710861738460,613
1710861739073,1219
1710861740292,790
1710861741081,2103
1710861743185,557
1710861743742,545
1710861744287,533
1710861744820,525
1710861745345,522
1710861745867,516
1710861746383,510
1710861746893,505
1710861747398,501
1710861747899,503
1710861748401,503
1710861748905,501
1710861749406,501
1710861749907,504
1710861750411,509
1710861750920,538
1710861751457,588
1710861752046,662
1710861752708,664
1710861753372,682
1710861754054,695
1710861754749,691
1710861755440,676
1710861756116,664
1710861756780,629
1710861757409,614
1710861758023,605
1710861758628,592
1710861759220,593
1710861759813,587
1710861760400,588
1710861760988,587
1710861761575,575
1710861762150,564
1710861762713,553
1710861763267,546
1710861763813,544
1710861764357,547
1710861764904,550
1710861765454,558
1710861766012,566
1710861766577,574
1710861767152,575
1710861767727,577
1710861768304,584
1710861768888,597
1710861769485,600
1710861770085,600
1710861770685,597
1710861771281,592
1710861771873,597
1710861772471,611
1710861773081,628
1710861773710,657
1710861774367,688
1710861775055,664
1710861775719,654
1710861776373,629
1710861777001,607
1710861777609,604
1710861778213,603
1710861778816,616
1710861779432,629
1710861780061,637
1710861780697,646
1710861781344,648
1710861781992,659
1710861782651,667
1710861783318,687
1710861784005,686
1710861784691,706
1710861785397,697
1710861786094,693
1710861786787,689
1710861787476,689
1710861788165,685
1710861788849,676
1710861789526,678
1710861790204,669
1710861790873,657
1710861791529,655
1710861792185,651
1710861792836,639
1710861793475,633
1710861794108,648
1710861794756,654
1710861795409,647
1710861796057,621
1710861796678,594
1710861797272,572
1710861797844,563
1710861798407,558
1710861798965,565
1710861799529,573
1710861800103,584
1710861800687,604
1710861801291,612
1710861801903,637
1710861802540,620
1710861803160,605
1710861803765,612
1710861804377,626
1710861805003,640
1710861805643,650
1710861806293,639
1710861806932,647
1710861807579,651
1710861808230,666
1710861808896,675
1710861809571,661
1710861810232,656
1710861810888,641
1710861811529,624
1710861812153,611
1710861812764,599
1710861813363,608
1710861813971,622
1710861814593,637
1710861815230,638
1710861815868,626
1710861816494,616
1710861817110,616
1710861817726,628
1710861818353,640
1710861818993,660
1710861819654,683
1710861820337,681
1710861821017,654
1710861821672,658
1710861822329,646
1710861822976,646
1710861823622,626
1710861824248,621
1710861824869,612
1710861825481,607
1710861826088,604
1710861826692,594
1710861827286,593
1710861827879,596
1710861828475,601
1710861829076,602
1710861829678,600
1710861830278,588
1710861830865,585
1710861831451,580
1710861832031,587
1710861832617,590
1710861833208,592
1710861833800,584
1710861834384,573
1710861834957,568
1710861835525,578
1710861836103,592
1710861836695,606
1710861837301,610
1710861837911,615
1710861838526,605
1710861839131,600
1710861839731,605
1710861840336,609
1710861840945,611
1710861841556,613
1710861842169,623
1710861842792,624
1710861843416,626
1710861844041,613
1710861844655,604
1710861845259,596
1710861845855,592
1710861846447,592
1710861847039,587
1710861847625,583
1710861848209,574
1710861848783,578
1710861849361,585
1710861849945,593
1710861850539,596
1710861851135,595
1710861851729,613
1710861852343,620
1710861852963,625
1710861853588,615
1710861854203,614
1710861854817,621
1710861855438,625
1710861856063,624
1710861856687,619
1710861857305,610
1710861857916,614
1710861858529,614
1710861859144,611
1710861859755,608
1710861860363,604
1710861860967,601
1710861861568,610
1710861862177,623
1710861862801,629
1710861863430,629
1710861864059,620
1710861864679,619
1710861865297,617
1710861865915,616
1710861866531,611
1710861867142,618
1710861867760,617
1710861868377,629
1710861869006,619
1710861869625,615
1710861870240,621
1710861870861,628
1710861871489,632
1710861872121,627
1710861872748,624
1710861873372,615
1710861873987,603
1710861874590,594
1710861875184,590
1710861875774,594
1710861876368,608
1710861876976,613
1710861877589,619
1710861878208,611
1710861878819,620
1710861879439,632
1710861880071,647
1710861880718,648
1710861881366,636
1710861882001,636
1710861882638,641
1710861883279,654
1710861883933,641
1710861884574,629
1710861885203,616
1710861885819,609
1710861886428,605
1710861887033,600
1710861887633,592
1710861888225,596
1710861888821,599
1710861889420,615
1710861890035,617
1710861890652,623
1710861891275,613
1710861891888,612
1710861892500,617
1710861893117,616
1710861893733,619
1710861894352,623
1710861894975,632
1710861895607,645
1710861896252,640
1710861896892,629
1710861897521,639
1710861898160,634
1710861898793,635
1710861899429,629
1710861900057,627
1710861900685,621
1710861901305,636
1710861901942,634
1710861902576,634
1710861903209,653
1710861903863,650
1710861904513,633
1710861905145,602
1710861905748,593
1710861906341,585
1710861906926,587
1710861907513,582
1710861908095,590
1710861908685,588
1710861909273,598
1710861909871,604
1710861910475,611
1710861911086,634
1710861911720,631
1710861912351,622
1710861912973,619
1710861913592,639
1710861914231,670
1710861914901,711
1710861915612,735
1710861916347,688
1710861917035,678
1710861917713,682
1710861918395,698
1710861919093,713
1710861919806,734
1710861920540,722
1710861921262,730
1710861921992,697
1710861922689,673
1710861923361,660
1710861924022,645
1710861924667,679
1710861925345,736
1710861926081,739
1710861926821,738
1710861927559,759
1710861928318,787
1710861929105,755
1710861929860,722
1710861930582,695
1710861931277,688
1710861931965,672
1710861932637,646
1710861933283,629
1710861933912,627
1710861934539,630
1710861935169,642
1710861935811,667
1710861936478,692
1710861937169,711
1710861937881,721
1710861938601,707
1710861939309,681
1710861939990,686
1710861940676,716
1710861941392,752
1710861942144,785
1710861942929,854
1710861943783,860
1710861944643,823
1710861945465,850
1710861946316,856
1710861947172,830
1710861948001,806
1710861948808,783
1710861949591,731
1710861950321,720
1710861951041,761
1710861951803,809
1710861952612,820
1710861953432,825
1710861954257,851
1710861955108,873
1710861955981,848
1710861956829,829
1710861957657,829
1710861958487,794
1710861959281,772
1710861960053,732
1710861960785,727
1710861961512,772
1710861962284,845
1710861963129,920
1710861964049,947
1710861964996,914
1710861965910,951
1710861966861,973
1710861967833,953
1710861968787,920
1710861969707,853
1710861970560,839
1710861971399,842
1710861972241,843
1710861973084,823
1710861973907,847
1710861974753,879
1710861975633,882
1710861976515,842
1710861977357,843
1710861978200,862
1710861979062,879
1710861979941,850
1710861980791,813
1710861981604,807
1710861982411,798
1710861983209,806
1710861984015,797
1710861984812,759
1710861985571,719
1710861986289,713
1710861987003,721
1710861987724,748
1710861988472,783
1710861989255,802
1710861990057,829
1710861990886,769
1710861991655,750
1710861992405,763
1710861993168,772
1710861993940,789
1710861994729,805
1710861995534,798
1710861996332,774
1710861997105,735
1710861997841,741
1710861998582,756
1710861999337,793
1710862000131,822
1710862000953,822
1710862001775,814
1710862002589,765
1710862003353,732
1710862004086,739
1710862004825,755
1710862005580,803
1710862006383,827
1710862007209,823
1710862008033,757
1710862008790,747
1710862009537,744
1710862010281,761
1710862011041,784
1710862011825,799
1710862012625,824
1710862013449,778
1710862014227,743
1710862014969,747
1710862015717,758
1710862016475,780
1710862017255,804
1710862018059,809
1710862018868,778
1710862019646,748
1710862020393,752
1710862021145,767
1710862021913,796
1710862022709,800
1710862023509,802
1710862024311,792
1710862025103,759
1710862025862,733
1710862026595,741
1710862027336,761
1710862028097,783
1710862028880,805
1710862029685,781
1710862030465,712
1710862031177,717
1710862031895,683
1710862032577,662
1710862033240,646
1710862033886,636
1710862034521,609
1710862035131,595
1710862035726,581
1710862036307,571
1710862036878,566
1710862037444,563
1710862038007,555
1710862038561,547
1710862039109,544
1710862039653,538
1710862040191,533
1710862040724,528
1710862041252,529
1710862041781,532
1710862042313,551
1710862042864,592
1710862043456,664
1710862044120,691
1710862044811,737
1710862045548,735
1710862046283,737
1710862047020,719
1710862047739,716
1710862048455,723
1710862049177,726
1710862049904,723
1710862050627,705
1710862051332,656
1710862051988,654
1710862052641,660
1710862053302,639
1710862053941,636
1710862054577,622
1710862055199,601
1710862055800,585
1710862056385,580
1710862056965,597
1710862057561,709
1710862058271,678
1710862058949,644
1710862059593,646
1710862060239,606
1710862060845,597
1710862061441,589
1710862062031,580
1710862062611,566
1710862063177,564
1710862063741,559
1710862064300,558
1710862064857,556
1710862065414,550
1710862065964,540
1710862066504,531
1710862067035,527
1710862067561,521
1710862068083,515
1710862068598,515
1710862069113,510
1710862069623,514
1710862070137,508
1710862070645,512
1710862071157,513
1710862071670,507
1710862072177,508
1710862072685,506
1710862073191,503
1710862073694,506
1710862074200,498
1710862074697,493
1710862075191,499
1710862075689,490
1710862076180,490
1710862076670,488
1710862077158,488
1710862077646,485
1710862078131,483
1710862078614,483
1710862079097,476
1710862079573,475
1710862080048,468
1710862080516,472
1710862080988,468
1710862081456,469
1710862081925,464
1710862082389,465
1710862082854,463
1710862083317,464
1710862083781,465
1710862084246,470
1710862084716,471
1710862085187,471
1710862085657,468
1710862086126,469
1710862086595,469
1710862087064,473
1710862087537,474
1710862088011,469
1710862088480,472
1710862088952,472
1710862089424,474
1710862089897,469
1710862090367,476
1710862090843,474
1710862091317,475
1710862091792,471
1710862092263,475
1710862092737,476
1710862093214,472
1710862093686,477
1710862094163,472
1710862094635,477
1710862095112,473
1710862095585,474
1710862096059,469
1710862096528,473
1710862097001,481
1710862097481,475
1710862097957,472
1710862098429,463
1710862098892,463
1710862099355,459
1710862099814,457
1710862100271,455
1710862100726,459
1710862101185,457
1710862101641,457
1710862102099,458
1710862102557,457
1710862103014,457
1710862103471,456
1710862103927,460
1710862104387,455
1710862104841,459
1710862105301,461
1710862105761,473
1710862106235,479
1710862106713,484
1710862107198,482
1710862107680,475
1710862108155,478
1710862108633,473
1710862109105,472
1710862109577,468
1710862110046,470
1710862110516,466
1710862110982,465
1710862111447,464
1710862111911,456
1710862112367,461
1710862112828,463
1710862113291,475
1710862113766,473
1710862114239,472
1710862114711,469
1710862115180,469
1710862115649,470
1710862116119,460
1710862116579,459
1710862117038,456
1710862117494,460
1710862117953,451
1710862118405,454
1710862118859,451
1710862119310,454
1710862119764,452
1710862120216,455
1710862120671,452
1710862121123,453
1710862121576,451
1710862122027,459
1710862122486,467
1710862122953,467
1710862123420,476
1710862123896,478
1710862124374,483
1710862124857,477
1710862125334,476
1710862125809,470
1710862126280,467
1710862126747,467
1710862127214,465
1710862127679,468
1710862128147,479
1710862128625,497
1710862129123,495
1710862129617,490
1710862130108,481
1710862130589,479
1710862131068,477
1710862131545,472
1710862132017,482
1710862132499,494
1710862132993,504
1710862133497,498
1710862133995,491
1710862134486,483
1710862134969,479
1710862135448,475
1710862135923,473
1710862136396,476
1710862136872,469
1710862137341,470
1710862137811,472
1710862138283,467
1710862138750,467
1710862139217,471
1710862139688,474
1710862140161,471
1710862140633,468
1710862141101,464
1710862141565,468
1710862142033,461
1710862142494,464
1710862142958,463
1710862143421,457
1710862143878,452
1710862144329,456
1710862144785,457
1710862145243,460
1710862145703,458
1710862146161,458
1710862146619,461
1710862147080,450
1710862147529,451
1710862147981,448
1710862148429,450
1710862148879,441
1710862149320,446
1710862149766,445
1710862150211,445
1710862150656,441
1710862151097,441
1710862151537,443
1710862151981,444
1710862152425,442
1710862152867,442
1710862153309,444
1710862153753,441
1710862154193,445
1710862154639,441
1710862155080,440
1710862155520,438
1710862155958,438
1710862156396,431
1710862156827,431
1710862157257,427
1710862157685,430
1710862158115,424
1710862158539,423
1710862158961,423
1710862159385,424
1710862159809,421
1710862160230,421
1710862160651,423
1710862161073,423
1710862161497,424
1710862161921,425
1710862162345,427
1710862162773,427
1710862163200,429
1710862163629,427
1710862164056,435
1710862164491,433
1710862164924,432
1710862165356,433
1710862165789,434
1710862166223,436
1710862166659,432
1710862167091,435
1710862167526,434
1710862167960,433
1710862168393,427
1710862168820,431
1710862169251,429
1710862169680,433
1710862170113,431
1710862170544,434
1710862170977,432
1710862171409,434
1710862171844,431
1710862172275,437
1710862172712,434
1710862173145,436
1710862173582,436
1710862174017,438
1710862174456,439
1710862174895,444
1710862175339,440
1710862175779,440
1710862176219,444
1710862176663,444
1710862177107,447
1710862177553,444
1710862177998,443
1710862178441,450
1710862178891,447
1710862179337,449
1710862179787,450
1710862180237,449
1710862180686,443
1710862181129,451
1710862181580,477
1710862182057,491
1710862182548,490
1710862183038,490
1710862183528,490
1710862184017,487
1710862184505,488
1710862184993,489
1710862185481,486
1710862185968,486
1710862186454,484
1710862186937,478
1710862187416,479
1710862187895,474
1710862188369,474
1710862188843,473
1710862189316,471
1710862189787,478
1710862190265,487
1710862190752,495
1710862191247,501
1710862191748,513
1710862192261,521
1710862192782,525
1710862193307,518
1710862193825,521
1710862194345,544
1710862194889,731
1710862195621,691
1710862196312,640
1710862196952,600
1710862197552,563
1710862198115,546
1710862198661,546
1710862199207,562
1710862199769,562
1710862200331,563
1710862200894,557
1710862201451,547
1710862201998,532
1710862202529,513
1710862203043,500
1710862203543,505
1710862204048,520
1710862204568,527
1710862205095,543
1710862205638,546
1710862206184,533
1710862206717,522
1710862207239,526
1710862207765,533
1710862208297,537
1710862208835,544
1710862209379,538
1710862209917,524
1710862210441,519
1710862210960,524
1710862211484,530
1710862212014,533
1710862212547,526
1710862213073,526
1710862213599,525
1710862214124,522
1710862214646,530
1710862215176,524
1710862215700,520
1710862216220,530
1710862216750,536
1710862217286,533
1710862217819,523
1710862218342,523
1710862218865,513
1710862219377,506
1710862219884,503
1710862220387,500
1710862220887,496
1710862221383,499
1710862221881,510
1710862222392,521
1710862222913,526
1710862223439,526
1710862223965,528
1710862224493,549
1710862225041,573
1710862225615,596
1710862226211,597
1710862226808,585
1710862227393,599
1710862227992,615
1710862228607,616
1710862229223,606
1710862229829,593
1710862230422,605
1710862231027,611
1710862231638,604
1710862232241,586
1710862232828,595
1710862233423,604
1710862234027,610
1710862234637,596
1710862235233,585
1710862235817,603
1710862236421,619
1710862237040,617
1710862237657,603
1710862238260,608
1710862238868,619
1710862239487,616
1710862240103,605
1710862240708,592
1710862241300,602
1710862241902,609
1710862242511,609
1710862243120,596
1710862243716,594
1710862244310,614
1710862244924,637
1710862245561,637
1710862246198,620
1710862246817,617
1710862247435,630
1710862248065,638
1710862248703,630
1710862249333,617
1710862249950,620
1710862250569,630
1710862251200,640
1710862251840,625
1710862252465,607
1710862253072,604
1710862253676,621
1710862254297,627
1710862254924,635
1710862255559,641
1710862256200,648
1710862256848,656
1710862257504,649
1710862258153,661
1710862258814,663
1710862259477,645
1710862260121,622
1710862260744,600
1710862261344,620
1710862261964,648
1710862262612,689
1710862263301,704
1710862264005,700
1710862264705,686
1710862265391,699
1710862266089,728
1710862266817,737
1710862267555,749
1710862268304,720
1710862269024,688
1710862269712,650
1710862270361,644
1710862271006,646
1710862271652,646
1710862272297,653
1710862272951,652
1710862273603,636
1710862274239,651
1710862274889,673
1710862275563,686
1710862276249,674
1710862276923,652
1710862277575,644
1710862278219,649
1710862278868,682
1710862279550,699
1710862280249,694
1710862280943,668
1710862281611,688
1710862282299,698
1710862282997,698
1710862283695,680
1710862284375,684
1710862285059,688
1710862285747,688
1710862286435,663
1710862287097,645
1710862287743,662
1710862288405,679
1710862289084,694
1710862289777,689
1710862290467,671
1710862291137,670
1710862291808,681
1710862292489,681
1710862293169,677
1710862293847,663
1710862294510,667
1710862295177,682
1710862295859,693
1710862296552,684
1710862297236,660
1710862297896,653
1710862298549,660
1710862299209,668
1710862299877,677
1710862300553,663
1710862301217,635
1710862301852,606
1710862302457,569
1710862303027,574
1710862303601,563
1710862304164,560
1710862304724,556
1710862305280,556
1710862305836,560
1710862306396,552
1710862306948,548
1710862307496,543
1710862308039,535
1710862308574,530
1710862309104,528
1710862309632,526
1710862310158,520
1710862310678,515
1710862311193,516
1710862311709,517
1710862312225,512
1710862312737,506
1710862313244,506
1710862313750,506
1710862314256,508
1710862314764,509
1710862315273,513
1710862315785,523
1710862316309,535
1710862316844,546
1710862317390,554
1710862317944,541
1710862318485,541
1710862319025,558
1710862319584,569
1710862320153,564
1710862320717,540
1710862321257,521
1710862321777,516
1710862322294,532
1710862322825,561
1710862323387,552
1710862323939,543
1710862324481,522
1710862325004,506
1710862325510,490
1710862326000,490
1710862326489,486
1710862326976,483
1710862327459,492
1710862327951,486
1710862328437,485
1710862328921,482
1710862329404,482
1710862329886,484
1710862330369,482
1710862330852,479
1710862331331,480
1710862331811,471
1710862332281,470
1710862332752,464
1710862333216,467
1710862333683,468
1710862334151,464
1710862334615,460
1710862335075,458
1710862335533,458
1710862335991,449
1710862336440,453
1710862336893,446
1710862337339,448
1710862337787,446
1710862338233,449
1710862338681,454
1710862339136,455
1710862339591,453
1710862340044,449
1710862340493,447
1710862340940,440
1710862341380,440
1710862341820,438
1710862342257,439
1710862342697,436
1710862343133,438
1710862343571,438
1710862344009,439
1710862344448,437
1710862344885,435
1710862345320,438
1710862345758,436
1710862346193,437
1710862346631,436
1710862347067,437
1710862347504,438
1710862347942,436
1710862348377,433
1710862348811,437
1710862349248,432
1710862349680,433
1710862350113,428
1710862350541,429
1710862350969,430
1710862351400,431
1710862351831,427
1710862352257,432
1710862352689,434
1710862353124,436
1710862353560,435
1710862353995,436
1710862354431,438
1710862354869,438
1710862355307,436
1710862355743,436
1710862356179,436
1710862356615,438
1710862357053,437
1710862357489,437
1710862357927,435
1710862358361,438
1710862358800,438
1710862359238,438
1710862359676,433
1710862360109,434
1710862360543,434
1710862360977,429
1710862361406,431
1710862361837,429
1710862362265,428
1710862362694,428
1710862363121,426
1710862363548,422
1710862363969,422
1710862364392,420
1710862364812,415
1710862365227,417
1710862365644,416
1710862366060,413
1710862366473,410
1710862366883,410
1710862367293,406
1710862367699,402
1710862368101,401
1710862368502,402
1710862368904,395
1710862369299,401
1710862369700,390
1710862370089,396
1710862370486,392
1710862370878,396
1710862371273,394
1710862371668,391
1710862372059,390
1710862372449,389
1710862372838,387
1710862373225,384
1710862373609,387
1710862373996,378
1710862374374,387
1710862374761,380
1710862375141,378
1710862375519,381
1710862375900,384
1710862376284,381
1710862376665,380
1710862377045,383
1710862377428,379
1710862377807,378
1710862378185,381
1710862378566,381
1710862378947,383
1710862379329,384
1710862379713,387
1710862380101,387
1710862380488,385
1710862380873,385
1710862381257,386
1710862381644,382
1710862382025,384
1710862382409,379
1710862382789,382
1710862383171,379
1710862383550,381
1710862383931,380
1710862384311,383
1710862384694,385
1710862385079,382
1710862385461,385
1710862385846,382
1710862386228,385
1710862386613,377
1710862386990,386
1710862387376,384
1710862387760,385
1710862388145,381
1710862388526,384
1710862388910,386
1710862389296,382
1710862389678,385
1710862390063,382
1710862390445,385
1710862390830,383
1710862391213,383
1710862391596,382
1710862391977,378
1710862392356,770
1710862393126,385
1710862393511,389
1710862393900,385
1710862394285,389
1710862394673,387
1710862395061,382
1710862395443,386
1710862395829,384
1710862396213,384
1710862396597,382
1710862396979,382
1710862397361,382
1710862397743,382
1710862398125,379
1710862398504,384
1710862398888,380
1710862399268,384
1710862399652,385
1710862400037,379
1710862400416,382
1710862400798,380
1710862401177,380
1710862401558,378
1710862401936,382
1710862402318,382
1710862402700,382
1710862403081,383
1710862403465,382
1710862403847,381
1710862404228,386
1710862404614,381
1710862404995,381
1710862405376,383
1710862405759,379
1710862406137,378
1710862406516,378
1710862406894,376
1710862407270,380
1710862407649,377
1710862408027,377
1710862408404,378
1710862408782,378
1710862409160,376
1710862409536,377
1710862409913,374
1710862410287,374
1710862410661,373
1710862411033,374
1710862411408,371
1710862411779,372
1710862412151,371
1710862412521,374
1710862412896,370
1710862413265,370
1710862413636,372
1710862414008,740
1710862414748,370
1710862415118,370
1710862415488,368
1710862415856,373
1710862416229,368
1710862416597,367
1710862416964,370
1710862417334,365
1710862417699,367
1710862418065,368
1710862418433,366
1710862418800,366
1710862419166,372
1710862419537,371
1710862419909,366
1710862420275,368
1710862420643,368
1710862421011,366
1710862421377,368
1710862421745,370
1710862422115,367
1710862422481,368
1710862422849,370
1710862423220,369
1710862423589,366
1710862423955,368
1710862424323,370
1710862424693,365
1710862425057,363
1710862425421,373
1710862425793,368
1710862426161,367
1710862426529,368
1710862426897,370
1710862427267,367
1710862427633,369
1710862428003,367
1710862428369,364
1710862428734,365
1710862429099,370
1710862429469,368
1710862429837,366
1710862430203,368
1710862430571,366
1710862430937,367
1710862431304,363
1710862431667,365
1710862432032,368
1710862432400,369
1710862432769,364
1710862433133,365
1710862433497,365
1710862433863,371
1710862434233,367
1710862434601,364
1710862434965,366
1710862435331,368
1710862435699,366
1710862436065,367
1710862436432,368
1710862436800,368
1710862437168,363
1710862437531,369
1710862437900,364
1710862438264,367
1710862438631,362
1710862438993,366
1710862439359,365
1710862439724,363
1710862440087,365
1710862440452,364
1710862440816,365
1710862441181,361
1710862441542,362
1710862441904,360
1710862442264,365
1710862442629,360
1710862442989,360
1710862443349,363
1710862443712,358
1710862444070,365
1710862444435,360
1710862444795,362
1710862445157,357
1710862445513,362
1710862445876,359
1710862446235,361
1710862446596,366
1710862446961,360
1710862447321,361
1710862447683,357
1710862448040,360
1710862448400,357
1710862448757,362
1710862449119,363
1710862449481,357
1710862449839,355
1710862450193,361
1710862450555,359
1710862450913,359
1710862451273,357
1710862451630,361
1710862451991,364
1710862452355,365
1710862452720,363
1710862453083,364
1710862453447,371
1710862453817,370
1710862454188,375
1710862454563,373
1710862454936,380
1710862455316,388
1710862455704,392
1710862456096,393
1710862456489,396
1710862456885,394
1710862457279,396
1710862457675,392
1710862458067,395
1710862458462,394
1710862458856,393
1710862459249,392
1710862459641,392
1710862460033,397
1710862460430,398
1710862460828,401
1710862461229,400
1710862461629,400
1710862462029,409
1710862462438,431
1710862462869,437
1710862463305,430
1710862463736,430
1710862464166,431
1710862464597,429
1710862465025,429
1710862465455,424
1710862465879,427
1710862466305,428
1710862466734,445
1710862467179,449
1710862467628,443
1710862468071,437
