phoneTimestamp,hr,hrv
1712073625158,102,
1712073626174,101,
1712073627153,100,4.0
1712073628124,100,3.5
1712073629093,99,3.0
1712073630165,98,4.0
1712073631188,98,3.8
1712073632215,96,4.0
1712073633093,96,3.9
1712073634121,96,6.7
1712073635089,97,6.3
1712073636211,96,6.7
1712073637145,96,6.3
1712073638116,97,7.5
1712073639092,98,7.3
1712073640115,98,7.0
1712073641089,99,6.9
1712073642161,97,8.7
1712073643093,96,8.7
1712073644115,94,8.7
1712073645132,93,9.7
1712073646112,92,9.7
1712073647137,91,9.7
1712073648115,91,9.8
1712073649131,91,10.5
1712073650113,92,10.4
1712073651180,92,10.5
1712073652108,93,10.5
1712073653181,93,9.6
1712073654107,93,9.6
1712073655131,94,9.4
1712073656110,94,9.4
1712073657129,94,8.6
1712073658104,94,8.7
1712073659128,94,8.7
1712073660102,94,8.8
1712073661128,94,7.0
1712073662107,94,6.7
1712073663128,94,6.8
1712073664102,95,5.3
1712073665126,95,5.9
1712073666093,94,6.8
1712073667121,94,5.3
1712073668101,94,5.9
1712073669127,94,5.9
1712073670141,94,5.9
1712073671123,94,5.9
1712073672097,94,5.9
1712073673123,94,5.9
1712073674150,94,5.9
1712073675129,93,5.9
1712073676095,94,6.0
1712073677119,95,6.0
1712073678144,94,6.0
1712073679113,94,6.0
1712073680143,94,6.0
1712073681120,94,6.0
1712073682092,94,5.8
1712073683116,95,6.0
1712073684089,95,5.4
1712073685159,95,4.4
1712073686136,95,3.5
1712073687111,95,3.5
1712073688141,96,5.0
1712073689111,97,5.0
1712073690133,96,6.1
1712073691108,95,6.6
1712073692134,95,6.6
1712073693113,94,6.8
1712073694179,94,6.7
1712073695111,94,6.6
1712073696131,95,7.0
1712073697105,95,7.0
1712073698224,96,7.0
1712073699111,97,7.0
1712073700136,97,7.0
1712073701152,98,6.8
1712073702125,97,6.8
1712073703147,96,7.0
1712073704121,96,7.4
1712073705152,95,7.4
1712073706175,95,7.1
1712073707099,95,7.3
1712073708220,96,6.5
1712073709143,97,6.5
1712073710126,96,6.2
1712073711097,96,6.0
1712073712123,96,6.0
1712073713101,96,6.0
1712073714118,96,5.5
1712073715095,95,5.6
1712073716169,95,5.6
1712073717193,94,6.2
1712073718169,93,6.2
1712073719097,93,6.2
1712073720115,93,7.1
1712073721091,94,6.8
1712073722121,95,6.4
1712073723086,95,6.4
1712073724117,96,5.7
1712073725140,96,5.5
1712073726110,96,5.4
1712073727136,96,5.4
1712073728113,96,5.2
1712073729133,97,5.4
1712073730112,97,5.5
1712073731134,97,5.5
1712073732112,97,5.2
1712073733134,97,5.1
1712073734109,97,5.1
1712073735132,97,4.7
1712073736150,97,4.7
1712073737136,96,4.8
1712073738116,97,4.0
1712073739124,98,4.0
1712073740105,98,4.0
1712073741126,98,4.6
1712073742104,97,4.8
1712073743124,96,5.0
1712073744105,96,5.0
1712073745172,96,6.0
1712073746107,96,6.1
1712073747124,97,5.9
1712073748101,98,6.2
1712073749128,99,6.2
1712073750102,100,6.4
1712073751168,100,6.6
1712073752097,99,6.8
1712073753121,99,6.6
1712073754192,99,7.1
1712073755165,100,7.1
1712073756145,99,7.0
1712073757125,97,7.4
1712073758091,97,7.4
1712073759119,97,6.9
1712073760093,96,7.2
1712073761119,95,7.3
1712073762096,94,7.3
1712073763119,94,6.5
1712073764088,95,7.7
1712073765207,96,7.8
1712073766086,97,7.5
1712073767110,97,7.5
1712073768131,97,7.7
1712073769117,97,7.5
1712073770134,97,7.4
1712073771105,96,7.6
1712073772131,95,9.1
1712073773111,93,8.8
1712073774129,93,8.8
1712073775113,93,8.8
1712073776131,94,8.8
1712073777107,94,8.8
1712073778129,94,8.8
1712073779105,95,8.6
1712073780128,96,8.6
1712073781103,97,8.6
1712073782129,95,8.9
1712073783103,94,9.5
1712073784175,93,9.5
1712073785111,94,10.6
1712073786124,94,10.6
1712073787105,95,10.5
1712073788128,95,10.5
1712073789097,96,10.5
1712073790126,96,9.1
1712073791096,95,9.2
1712073792121,95,9.2
1712073793097,94,8.7
1712073794128,94,8.6
1712073795096,94,8.6
1712073796118,94,8.6
1712073797095,94,8.4
1712073798215,94,8.4
1712073799193,94,8.4
1712073800161,94,8.4
1712073801191,94,5.8
1712073802121,94,5.8
1712073803143,94,5.2
1712073804121,94,3.2
1712073805085,94,3.2
1712073806158,93,3.3
1712073807091,93,3.1
1712073808111,94,3.1
1712073809134,94,2.8
1712073810109,94,2.2
1712073811131,93,2.3
1712073812110,93,2.0
1712073813135,93,2.1
1712073814107,93,2.0
1712073815128,93,3.1
1712073816105,94,3.1
1712073817129,94,3.2
1712073818153,94,3.0
1712073819129,94,3.1
1712073820110,94,3.1
1712073821124,94,3.2
1712073822097,93,3.3
1712073823136,93,3.3
1712073824105,93,3.2
1712073825221,93,3.3
1712073826147,94,3.3
1712073827127,94,3.4
1712073828100,94,3.4
1712073829123,94,3.3
1712073830099,94,3.3
1712073831124,94,3.3
1712073832095,94,3.2
1712073833169,94,3.2
1712073834095,94,2.1
1712073835120,94,2.2
1712073836139,94,2.5
1712073837121,94,2.5
1712073838094,93,2.7
1712073839169,93,2.7
1712073840091,93,2.4
1712073841115,93,2.4
1712073842089,93,2.5
1712073843113,93,2.6
1712073844136,94,2.8
1712073845113,94,2.7
1712073846087,94,2.7
1712073847121,94,2.8
1712073848083,94,2.8
1712073849113,94,2.8
1712073850133,94,2.8
1712073851153,94,2.8
1712073852136,94,3.4
1712073853110,94,3.4
1712073854176,95,3.3
1712073855112,95,3.1
1712073856131,95,3.1
1712073857113,96,3.3
1712073858131,96,3.3
1712073859105,96,3.3
1712073860129,97,3.5
1712073861100,97,3.4
1712073862174,98,3.2
1712073863107,98,3.2
1712073864129,98,3.2
1712073865100,97,3.6
1712073866129,97,3.6
1712073867101,96,3.6
1712073868121,96,3.6
1712073869099,96,4.1
1712073870121,97,3.7
1712073871102,97,3.7
1712073872123,97,3.7
1712073873097,97,3.7
1712073874126,97,3.5
1712073875104,97,3.4
1712073876118,97,3.4
1712073877097,97,3.4
1712073878124,97,3.1
1712073879096,97,3.6
1712073880211,96,3.6
1712073881091,96,3.7
1712073882165,96,3.7
1712073883101,97,3.4
1712073884209,97,3.4
1712073885137,97,3.4
1712073886116,97,3.0
1712073887088,97,3.1
1712073888113,98,3.6
1712073889135,100,3.8
1712073890115,100,3.8
1712073891133,100,3.8
1712073892155,100,4.1
1712073893134,99,4.1
1712073894107,99,4.2
1712073895129,99,4.3
1712073896108,99,4.3
1712073897132,99,3.8
1712073898110,99,3.8
1712073899175,99,3.7
1712073900102,99,3.8
1712073901129,98,3.7
1712073902102,98,3.6
1712073903131,98,3.5
1712073904103,98,3.5
1712073905132,98,3.4
1712073906196,98,2.8
1712073907169,98,2.6
1712073908099,97,2.8
1712073909121,97,2.8
1712073910099,97,2.3
1712073911120,97,2.7
1712073912096,98,2.6
1712073913121,98,2.4
1712073914101,98,2.4
1712073915165,98,2.4
1712073916141,98,2.5
1712073917119,98,2.4
1712073918141,98,2.2
1712073919118,98,2.2
1712073920089,99,2.2
1712073921116,99,2.2
1712073922097,98,2.3
1712073923115,98,2.3
1712073924088,98,3.0
1712073925117,97,3.2
1712073926089,97,3.1
1712073927110,97,3.2
1712073928085,98,3.9
1712073929112,99,3.9
1712073930131,99,3.9
1712073931107,99,3.9
1712073932189,99,4.2
1712073933105,98,4.3
1712073934132,98,4.4
1712073935108,98,4.4
1712073936131,98,4.5
1712073937108,97,4.5
1712073938133,98,4.6
1712073939105,98,4.6
1712073940127,97,5.1
1712073941104,96,5.1
1712073942129,96,4.8
1712073943102,95,4.6
1712073944129,95,4.6
1712073945151,95,4.7
1712073946123,95,4.0
1712073947101,96,4.0
1712073948128,96,4.0
1712073949102,96,4.0
1712073950128,96,3.7
1712073951145,95,3.8
1712073952123,95,3.8
1712073953092,94,3.8
1712073954121,94,3.7
1712073955097,95,4.4
1712073956118,95,4.3
1712073957099,96,4.3
1712073958119,96,3.5
1712073959097,96,3.6
1712073960115,95,3.7
1712073961089,95,3.8
1712073962117,95,4.0
1712073963097,96,4.9
1712073964115,97,4.9
1712073965089,97,4.8
1712073966155,97,4.8
1712073967140,97,5.0
1712073968115,97,4.9
1712073969087,97,4.9
1712073970118,97,4.8
1712073971181,96,4.7
1712073972111,97,5.0
1712073973133,96,4.9
1712073974107,97,5.0
1712073975134,97,5.0
1712073976108,97,4.9
1712073977132,97,4.9
1712073978113,98,5.0
1712073979127,98,5.2
1712073980111,98,5.0
1712073981131,98,3.9
1712073982102,98,3.9
1712073983127,98,4.2
1712073984149,98,4.2
1712073985125,98,4.1
1712073986105,98,4.7
1712073987123,99,4.7
1712073988150,99,4.7
1712073989125,98,4.8
1712073990097,98,4.8
1712073991121,98,4.2
1712073992096,98,4.1
1712073993120,97,4.1
1712073994103,97,4.1
1712073995118,97,3.9
1712073996144,97,3.9
1712073997121,98,3.9
1712073998092,98,3.9
1712073999164,98,4.9
1712074000096,97,4.9
1712074001120,97,4.8
1712074002095,98,5.1
1712074003161,99,5.1
1712074004089,99,4.5
1712074005113,98,4.6
1712074006089,98,4.7
1712074007113,97,4.5
1712074008088,98,4.8
1712074009105,98,4.8
1712074010129,98,4.8
1712074011118,98,4.8
1712074012085,98,5.1
1712074013107,97,5.2
1712074014133,97,5.2
1712074015107,96,5.1
1712074016129,96,5.1
1712074017108,95,4.4
1712074018137,96,4.5
1712074019105,96,4.4
1712074020126,96,4.1
1712074021105,96,4.1
1712074022123,95,5.3
1712074023104,95,5.2
1712074024126,94,5.0
1712074025105,94,5.5
1712074026124,95,5.3
1712074027102,95,5.3
1712074028126,95,5.3
1712074029103,96,5.6
1712074030119,96,5.5
1712074031103,95,5.5
1712074032174,96,5.4
1712074033096,96,5.4
1712074034165,96,5.4
1712074035097,96,5.3
1712074036121,96,5.2
1712074037101,95,5.4
1712074038117,95,5.4
1712074039092,95,5.7
1712074040118,95,4.9
1712074041089,95,4.9
1712074042115,95,4.9
1712074043094,95,4.9
1712074044119,94,4.1
1712074045093,94,4.1
1712074046116,94,4.1
1712074047181,94,3.7
1712074048111,94,3.6
1712074049085,94,3.6
1712074050121,95,3.6
1712074051135,95,4.4
1712074052111,96,4.4
1712074053087,96,4.4
1712074054109,96,4.3
1712074055129,96,4.3
1712074056112,96,3.9
1712074057132,96,3.8
1712074058105,96,3.4
1712074059129,97,3.5
1712074060107,96,3.4
1712074061131,96,3.4
1712074062112,97,3.5
1712074063121,97,3.5
1712074064147,97,3.6
1712074065222,97,3.6
1712074066144,96,3.8
1712074067125,96,3.8
1712074068149,96,4.0
1712074069125,96,3.2
1712074070099,96,3.2
1712074071121,96,3.2
1712074072101,96,3.1
1712074073123,96,3.1
1712074074096,96,3.4
1712074075124,97,3.2
1712074076099,97,3.3
1712074077119,97,3.3
1712074078092,97,3.4
1712074079118,97,3.4
1712074080096,96,3.6
1712074081118,96,4.0
1712074082089,96,4.0
1712074083118,96,3.9
1712074084137,96,3.9
1712074085161,97,3.9
1712074086084,97,3.8
1712074087118,96,4.2
1712074088086,96,4.2
1712074089111,96,4.4
1712074090086,96,4.5
1712074091115,96,4.5
1712074092085,96,4.3
1712074093110,96,4.3
1712074094087,96,4.3
1712074095113,96,4.3
1712074096085,96,4.2
1712074097107,96,4.3
1712074098129,96,4.3
1712074099206,96,3.6
1712074100129,96,3.6
1712074101109,97,3.7
1712074102123,97,3.6
1712074103103,97,3.6
1712074104127,97,3.6
1712074105103,97,3.9
1712074106126,95,3.3
1712074107101,94,4.6
1712074108119,94,4.4
1712074109115,94,5.9
1712074110119,96,6.4
1712074111099,97,6.5
1712074112129,98,6.4
1712074113099,98,6.8
1712074114125,97,7.0
1712074115096,96,7.3
1712074116118,94,8.0
1712074117097,94,8.1
1712074118163,93,8.2
1712074119097,93,8.6
1712074120163,93,8.6
1712074121094,94,8.7
1712074122117,95,9.0
1712074123087,96,8.9
1712074124115,96,8.8
1712074125089,97,8.2
1712074126115,96,8.3
1712074127084,97,7.3
1712074128111,96,7.3
1712074129087,96,7.0
1712074130112,96,7.1
1712074131088,96,6.9
1712074132155,97,6.7
1712074133081,96,6.4
1712074134110,96,5.6
1712074135084,96,5.4
1712074136109,97,5.3
1712074137183,97,4.6
1712074138107,97,4.6
1712074139123,97,4.4
1712074140099,96,3.6
1712074141129,96,3.9
1712074142151,95,4.0
1712074143127,96,4.0
1712074144108,96,3.9
1712074145124,96,3.9
1712074146197,96,3.8
1712074147174,95,4.1
1712074148100,95,3.9
1712074149125,95,3.7
1712074150101,95,3.7
1712074151121,95,3.6
1712074152097,95,3.3
1712074153123,95,3.3
1712074154093,94,3.3
1712074155115,95,3.7
1712074156101,94,3.9
1712074157121,95,3.9
1712074158094,95,4.2
1712074159121,96,4.0
1712074160092,96,3.9
1712074161115,97,4.1
1712074162097,99,4.3
1712074163113,99,4.2
1712074164092,99,4.3
1712074165158,98,5.2
1712074166141,97,5.1
1712074167107,96,5.2
1712074168080,96,5.2
1712074169116,95,5.2
1712074170088,95,5.2
1712074171113,95,5.2
1712074172136,94,5.2
1712074173110,95,6.4
1712074174083,96,6.3
1712074175163,96,6.5
1712074176081,95,6.7
1712074177108,94,6.8
1712074178129,94,6.9
1712074179105,93,6.7
1712074180276,93,6.6
1712074181105,93,6.6
1712074182131,93,7.1
1712074183255,93,6.5
1712074184172,93,6.2
1712074185147,93,6.3
1712074186174,93,6.3
1712074187105,92,6.6
1712074188129,91,6.6
1712074189101,91,6.7
1712074190123,91,6.7
1712074191101,91,6.8
1712074192125,91,5.4
1712074193099,91,5.5
1712074194121,91,5.2
1712074195100,91,4.6
1712074196166,91,4.5
1712074197094,90,4.3
1712074198118,90,4.3
1712074199143,91,4.5
1712074200117,91,4.5
1712074201097,92,4.0
1712074202117,93,4.3
1712074203089,93,4.4
1712074204113,94,4.1
1712074205089,95,4.2
1712074206158,95,3.6
1712074207095,95,3.5
1712074208115,96,3.5
1712074209084,96,3.3
1712074210110,95,3.3
1712074211085,96,3.3
1712074212111,95,3.3
1712074213081,95,3.3
1712074214113,95,3.3
1712074215129,95,3.3
1712074216108,96,4.4
1712074217081,97,4.2
1712074218155,97,4.2
1712074219129,97,4.8
1712074220110,96,4.5
1712074221129,96,4.5
1712074222101,96,5.0
1712074223126,96,5.1
1712074224148,98,5.3
1712074225128,100,6.3
1712074226148,101,6.2
1712074227222,101,6.6
1712074228102,101,6.6
1712074229126,101,6.6
1712074230097,101,6.6
1712074231124,101,6.6
1712074232153,102,6.6
1712074233123,102,6.4
1712074234103,102,5.8
1712074235119,101,5.8
1712074236092,100,5.8
1712074237121,98,6.4
1712074238097,98,6.3
1712074239120,96,6.3
1712074240093,96,6.0
1712074241113,96,5.7
1712074242096,95,5.3
1712074243116,96,4.6
1712074244094,96,4.8
1712074245125,96,4.2
1712074246093,96,4.3
1712074247163,96,4.3
1712074248084,96,4.3
1712074249116,96,4.3
1712074250129,96,4.3
1712074251117,96,4.4
1712074252089,96,4.5
1712074253112,96,4.5
1712074254083,97,3.8
1712074255107,97,3.2
1712074256084,96,2.6
1712074257112,96,3.2
1712074258083,95,3.3
1712074259107,95,3.4
1712074260127,94,3.4
1712074261204,94,3.4
1712074262129,95,4.5
1712074263107,95,4.7
1712074264128,97,4.6
1712074265147,97,4.6
1712074266129,98,4.6
1712074267102,99,5.5
1712074268124,100,5.7
1712074269105,101,5.6
1712074270166,100,6.3
1712074271100,100,6.4
1712074272129,98,6.9
1712074273097,98,7.0
1712074274123,97,7.1
1712074275101,97,6.9
1712074276119,98,7.2
1712074277096,98,7.2
1712074278120,99,7.3
1712074279102,100,6.6
1712074280165,102,6.6
1712074281097,102,6.5
1712074282117,102,6.7
1712074283089,101,6.7
1712074284112,100,7.7
1712074285091,99,6.9
1712074286112,98,7.0
1712074287092,98,6.4
1712074288159,98,6.4
1712074289085,98,5.6
1712074290112,97,5.6
1712074291086,97,5.6
1712074292111,96,5.4
1712074293092,96,5.6
1712074294115,95,5.3
1712074295084,95,5.4
1712074296112,96,5.2
1712074297083,95,5.2
1712074298105,95,5.2
1712074299129,95,5.3
1712074300109,95,5.3
1712074301129,95,5.0
1712074302103,96,6.6
1712074303129,97,6.6
1712074304109,99,6.9
1712074305127,99,7.3
1712074306105,99,7.3
1712074307126,99,7.4
1712074308101,98,7.3
1712074309123,98,7.3
1712074310102,99,7.3
1712074311124,98,7.0
1712074312147,98,7.0
1712074313171,99,6.8
1712074314144,99,7.0
1712074315126,99,7.0
1712074316096,98,7.0
1712074317119,98,7.0
1712074318097,97,7.1
1712074319116,97,7.1
1712074320093,96,4.4
1712074321116,95,3.9
1712074322089,95,3.9
1712074323119,96,4.6
1712074324094,97,4.5
1712074325113,97,4.5
1712074326088,98,4.5
1712074327113,98,4.6
1712074328092,98,4.8
1712074329111,97,4.9
1712074330088,97,4.9
1712074331115,96,4.9
1712074332129,96,4.8
1712074333117,96,4.7
1712074334081,96,4.7
1712074335108,96,4.7
1712074336088,96,4.6
1712074337109,96,4.7
1712074338083,96,4.5
1712074339108,96,4.5
1712074340073,96,4.5
1712074341105,98,5.6
1712074342127,99,5.6
1712074343105,101,5.8
1712074344126,102,5.8
1712074345105,101,6.0
1712074346127,102,5.9
1712074347150,101,5.8
1712074348126,101,5.8
1712074349107,101,5.7
1712074350171,101,5.7
1712074351100,101,5.6
1712074352125,100,5.6
1712074353097,100,5.8
1712074354123,99,5.9
1712074355104,98,6.0
1712074356123,97,5.9
1712074357097,97,6.1
1712074358168,97,6.1
1712074359144,98,3.8
1712074360119,98,3.8
1712074361095,97,5.0
1712074362118,96,4.7
1712074363096,96,4.8
1712074364117,95,4.7
1712074365085,95,4.7
1712074366115,95,4.8
1712074367088,94,4.8
1712074368113,95,4.8
1712074369086,95,4.8
1712074370115,95,4.8
1712074371084,95,4.5
1712074372110,95,4.5
1712074373086,94,4.3
1712074374113,94,4.6
1712074375083,94,4.4
1712074376103,94,5.4
1712074377131,94,5.4
1712074378112,95,5.4
1712074379079,95,5.5
1712074380159,95,4.2
1712074381080,95,4.1
1712074382104,95,4.3
1712074383125,95,4.3
1712074384103,95,4.5
1712074385126,96,4.5
1712074386104,96,4.6
1712074387125,98,6.2
1712074388101,100,6.2
1712074389123,100,6.9
1712074390101,99,7.5
1712074391116,98,7.5
1712074392097,97,7.7
1712074393127,96,7.9
1712074394097,97,7.7
1712074395119,97,7.7
1712074396095,98,7.7
1712074397121,98,7.7
1712074398094,98,7.7
1712074399127,99,7.6
1712074400093,99,7.6
1712074401117,99,7.6
1712074402093,99,7.5
1712074403112,98,7.6
1712074404093,98,7.6
1712074405119,98,6.3
1712074406089,98,6.4
1712074407113,98,5.6
1712074408085,99,5.1
1712074409107,99,5.0
1712074410086,99,4.0
1712074411119,99,4.1
1712074412089,98,3.1
1712074413153,98,3.1
1712074414132,99,2.9
1712074415110,99,2.9
1712074416081,98,3.0
1712074417155,98,3.0
1712074418085,97,3.2
1712074419110,97,3.2
1712074420124,97,3.1
1712074421105,97,2.5
1712074422081,97,2.6
1712074423108,98,2.7
1712074424129,97,3.2
1712074425102,96,3.8
1712074426127,96,3.7
1712074427147,95,3.9
1712074428172,95,4.0
1712074429196,94,4.1
1712074430129,94,4.3
1712074431099,95,4.5
1712074432124,95,4.5
1712074433104,96,4.7
1712074434119,96,4.7
1712074435097,96,4.7
1712074436126,96,4.5
1712074437093,96,4.5
1712074438119,97,4.6
1712074439089,97,4.6
1712074440115,97,4.6
1712074441094,98,4.8
1712074442123,99,4.3
1712074443089,99,3.8
1712074444115,99,3.7
1712074445091,99,3.8
1712074446115,99,3.8
1712074447139,98,3.4
1712074448117,99,3.3
1712074449086,99,3.3
1712074450113,100,3.2
1712074451086,100,3.3
1712074452113,100,3.4
1712074453081,100,3.3
1712074454113,100,3.3
1712074455087,100,3.2
1712074456105,99,3.1
1712074457083,99,3.4
1712074458112,99,3.6
1712074459080,99,3.4
1712074460108,99,3.4
1712074461081,100,3.5
1712074462103,101,3.6
1712074463085,101,3.8
1712074464103,100,4.2
1712074465123,100,4.1
1712074466104,99,4.1
1712074467126,99,4.2
1712074468147,98,4.4
1712074469172,99,5.0
1712074470101,100,5.1
1712074471124,102,5.6
1712074472099,103,5.6
1712074473121,103,5.6
1712074474102,103,5.4
1712074475121,103,5.4
1712074476099,103,5.4
1712074477127,101,6.3
1712074478099,100,6.5
1712074479118,99,6.3
1712074480137,98,6.3
1712074481117,98,6.1
1712074482097,98,6.0
1712074483113,98,6.0
1712074484093,97,6.0
1712074485116,97,6.0
1712074486089,97,5.9
1712074487116,96,5.3
1712074488088,96,4.9
1712074489113,96,4.9
1712074490089,97,5.0
1712074491112,97,5.0
1712074492086,97,5.0
1712074493113,97,4.9
1712074494083,97,5.0
1712074495153,96,3.9
1712074496086,96,4.1
1712074497113,95,3.7
1712074498129,95,3.8
1712074499105,95,4.0
1712074500078,96,3.9
1712074501112,96,4.1
1712074502081,96,4.0
1712074503103,97,4.0
1712074504078,97,3.8
1712074505105,98,3.8
1712074506080,97,3.5
1712074507147,97,3.5
1712074508126,97,3.4
1712074509101,98,3.3
1712074510125,98,3.9
1712074511101,100,4.7
1712074512121,100,4.5
1712074513142,101,4.4
1712074514119,100,4.3
1712074515100,100,4.5
1712074516121,99,4.5
1712074517097,99,4.4
1712074518120,99,4.3
1712074519093,99,4.0
1712074520121,99,4.1
1712074521099,99,4.1
1712074522119,99,4.1
1712074523092,100,4.1
1712074524116,99,4.1
1712074525142,99,4.1
1712074526113,99,4.3
1712074527089,99,4.3
1712074528161,98,2.9
1712074529091,98,2.9
1712074530112,98,2.9
1712074531089,98,3.7
1712074532113,99,3.2
1712074533092,99,3.2
1712074534113,99,3.2
1712074535081,98,4.0
1712074536109,98,4.0
1712074537081,98,4.0
1712074538107,98,4.2
1712074539136,98,4.1
1712074540105,98,4.1
1712074541081,99,4.4
1712074542102,100,4.6
1712074543083,101,5.3
1712074544105,103,5.6
1712074545083,105,5.5
1712074546103,105,5.6
1712074547132,105,5.6
1712074548101,106,5.1
1712074549125,106,5.1
1712074550145,105,5.9
1712074551125,102,7.8
1712074552193,100,7.4
1712074553121,100,7.4
1712074554099,101,8.1
1712074555121,101,8.0
1712074556144,102,8.0
1712074557127,100,8.9
1712074558093,99,8.9
1712074559118,99,8.7
1712074560095,99,8.1
1712074561161,98,8.1
1712074562096,98,7.9
1712074563120,99,8.4
1712074564089,99,8.4
1712074565116,99,8.6
1712074566132,99,8.5
1712074567158,98,9.4
1712074568087,97,9.5
1712074569117,95,8.1
1712074570085,95,9.1
1712074571115,96,9.9
1712074572087,98,9.5
1712074573110,98,9.5
1712074574088,96,11.3
1712074575108,95,12.0
1712074576235,93,11.4
1712074577115,93,11.5
1712074578081,93,11.6
1712074579113,93,11.7
1712074580129,93,11.7
1712074581120,93,11.4
1712074582087,94,11.9
1712074583099,95,11.9
1712074584080,95,11.8
1712074585101,93,14.6
1712074586077,92,14.1
1712074587104,90,13.7
1712074588123,90,13.7
1712074589099,91,13.9
1712074590222,91,13.4
1712074591100,92,13.5
1712074592121,92,13.5
1712074593099,91,12.5
1712074594217,91,11.7
1712074595148,90,11.7
1712074596128,91,11.7
1712074597097,91,11.9
1712074598120,91,12.1
1712074599097,92,12.1
1712074600119,93,12.1
1712074601094,93,12.5
1712074602119,92,12.5
1712074603091,92,12.5
1712074604163,92,9.0
1712074605091,93,10.2
1712074606113,94,10.2
1712074607092,94,10.2
1712074608116,93,10.1
1712074609088,92,10.9
1712074610112,90,10.7
1712074611085,90,10.7
1712074612112,90,10.3
1712074613133,90,10.8
1712074614155,91,11.0
1712074615094,91,11.1
1712074616109,91,10.8
1712074617140,91,11.5
1712074618153,92,11.5
1712074619083,92,11.6
1712074620152,91,10.8
1712074621087,91,11.2
1712074622107,91,11.1
1712074623087,91,11.6
1712074624104,92,10.8
1712074625079,92,10.8
1712074626108,92,10.9
1712074627078,92,9.9
1712074628151,92,9.1
1712074629126,93,9.1
1712074630099,93,9.1
1712074631125,92,9.2
1712074632100,92,8.4
1712074633171,92,8.4
1712074634145,92,8.1
1712074635219,92,8.1
1712074636097,92,6.7
1712074637118,92,6.7
1712074638190,92,6.4
1712074639119,92,6.2
1712074640095,91,6.6
1712074641120,90,6.8
1712074642091,89,6.0
1712074643113,90,6.3
1712074644095,91,7.1
1712074645116,91,6.8
1712074646089,91,6.8
1712074647119,91,6.8
1712074648095,91,6.6
1712074649158,91,6.6
1712074650092,91,6.5
1712074651116,91,6.8
1712074652134,92,7.0
1712074653111,92,7.0
1712074654088,91,8.2
1712074655109,90,8.5
1712074656132,89,8.6
1712074657109,89,8.6
1712074658081,88,8.6
1712074659104,89,8.1
1712074660089,89,7.9
1712074661155,90,8.0
1712074662079,90,7.6
1712074663104,90,6.9
1712074664085,89,7.1
1712074665104,89,7.1
1712074666084,90,7.6
1712074667110,90,7.6
1712074668083,90,7.6
1712074669102,90,7.6
1712074670168,90,7.6
1712074671101,88,8.4
1712074672172,88,8.4
1712074673099,88,7.7
1712074674123,88,7.7
1712074675197,88,7.4
1712074676168,88,7.3
1712074677094,88,7.3
1712074678121,89,7.3
1712074679097,91,10.5
1712074680216,91,10.4
1712074681096,91,11.2
1712074682117,91,11.4
1712074683092,90,11.3
1712074684118,89,11.3
1712074685139,89,11.3
1712074686113,89,11.1
1712074687089,89,11.1
1712074688117,89,11.1
1712074689093,89,11.1
1712074690113,88,10.5
1712074691085,88,10.5
1712074692111,88,10.5
1712074693084,89,10.5
1712074694155,89,10.5
1712074695136,89,10.4
1712074696110,89,10.6
1712074697086,90,11.1
1712074698110,90,7.9
1712074699131,90,8.7
1712074700113,89,8.9
1712074701081,89,8.7
1712074702108,88,8.3
1712074703080,88,8.3
1712074704104,87,8.3
1712074705086,87,8.5
1712074706104,86,9.2
1712074707079,85,9.2
1712074708104,85,9.2
1712074709081,85,9.5
1712074710105,85,9.9
1712074711123,87,11.7
1712074712142,88,11.7
1712074713121,89,11.4
1712074714097,88,14.8
1712074715167,87,15.8
1712074716198,86,15.8
1712074717124,85,15.3
1712074718105,84,15.3
1712074719164,84,15.1
1712074720095,86,17.5
1712074721116,87,17.5
1712074722143,88,17.6
1712074723116,88,17.6
1712074724091,89,17.8
1712074725113,90,17.8
1712074726092,90,17.6
1712074727109,90,17.6
1712074728137,90,17.6
1712074729119,90,17.3
1712074730086,90,16.2
1712074731115,90,16.9
1712074732088,92,17.0
1712074733111,93,16.2
1712074734086,92,15.4
1712074735110,91,16.0
1712074736086,90,16.4
1712074737110,88,16.4
1712074738097,88,16.4
1712074739107,88,13.7
1712074740081,89,14.4
1712074741105,90,14.4
1712074742079,90,14.2
1712074743105,90,14.2
1712074744081,91,13.8
1712074745107,91,13.8
1712074746081,92,13.8
1712074747150,93,13.7
1712074748079,93,13.8
1712074749110,94,13.8
1712074750077,94,12.4
1712074751101,93,12.4
1712074752124,93,12.5
1712074753100,92,9.4
1712074754124,91,8.4
1712074755102,91,7.6
1712074756118,91,8.3
1712074757097,93,8.6
1712074758121,93,7.6
1712074759096,93,6.6
1712074760118,93,6.9
1712074761137,91,7.6
1712074762127,90,7.9
1712074763094,89,8.7
1712074764117,88,8.7
1712074765135,88,9.3
1712074766115,89,9.8
1712074767089,90,10.0
1712074768120,91,9.9
1712074769191,91,9.9
1712074770115,91,10.7
1712074771135,89,15.0
1712074772112,88,16.1
1712074773084,85,16.0
1712074774159,85,16.0
1712074775084,84,16.1
1712074776161,84,15.7
1712074777081,83,15.4
1712074778109,83,15.6
1712074779128,84,15.8
1712074780109,84,15.7
1712074781085,85,15.4
1712074782104,86,15.3
1712074783085,86,14.9
1712074784104,86,15.4
1712074785081,85,15.4
1712074786105,85,15.5
1712074787083,86,15.5
1712074788103,88,16.3
1712074789078,89,16.3
1712074790111,90,15.7
1712074791076,90,11.8
1712074792099,89,10.3
1712074793129,89,10.3
1712074794096,89,10.2
1712074795118,89,10.2
1712074796095,89,10.2
1712074797125,89,10.0
1712074798104,89,9.7
1712074799119,89,9.5
1712074800094,90,9.9
1712074801117,91,9.7
1712074802085,91,9.9
1712074803121,91,9.7
1712074804093,90,9.3
1712074805118,90,9.3
1712074806093,90,8.1
1712074807117,90,6.8
1712074808087,91,6.5
1712074809160,91,6.5
1712074810094,92,6.1
1712074811113,92,6.0
1712074812086,91,7.0
1712074813111,90,7.7
1712074814144,89,7.6
1712074815108,89,8.0
1712074816089,89,8.4
1712074817112,90,8.4
1712074818083,90,8.3
1712074819155,90,7.8
1712074820129,90,7.8
1712074821105,89,8.6
1712074822132,88,8.4
1712074823254,88,7.7
1712074824079,88,7.7
1712074825105,88,7.7
1712074826078,88,7.6
1712074827104,89,8.0
1712074828225,89,7.7
1712074829105,89,7.7
1712074830081,88,10.7
1712074831104,87,10.7
1712074832073,87,10.0
1712074833097,87,10.8
1712074834115,88,10.9
1712074835099,89,10.3
1712074836165,89,10.3
1712074837100,90,10.3
1712074838120,90,10.3
1712074839095,91,10.3
1712074840115,91,9.9
1712074841093,91,9.8
1712074842161,90,10.2
1712074843092,90,10.1
1712074844120,89,10.3
1712074845093,89,11.1
1712074846113,90,11.4
1712074847092,90,11.1
1712074848116,90,11.1
1712074849085,89,11.5
1712074850113,88,14.0
1712074851089,86,14.0
1712074852113,86,14.5
1712074853091,86,13.8
1712074854153,86,14.4
1712074855086,87,14.5
1712074856110,87,14.5
1712074857081,87,15.0
1712074858113,86,15.9
1712074859081,85,15.9
1712074860104,84,16.2
1712074861129,83,16.3
1712074862107,82,16.2
1712074863085,82,16.7
1712074864108,83,16.6
1712074865089,83,17.4
1712074866108,84,17.0
1712074867079,85,16.9
1712074868102,86,16.9
1712074869131,87,14.9
1712074870100,87,12.6
1712074871084,88,12.6
1712074872100,89,12.0
1712074873077,89,11.7
1712074874107,90,10.9
1712074875124,90,10.8
1712074876193,90,10.8
1712074877124,89,10.2
1712074878097,89,8.9
1712074879163,89,8.9
1712074880097,89,8.2
1712074881120,89,8.2
1712074882094,89,7.7
1712074883117,90,7.5
1712074884092,91,5.6
1712074885121,93,6.8
1712074886089,95,6.7
1712074887113,95,6.9
1712074888089,94,7.4
1712074889113,94,7.6
1712074890093,93,8.6
1712074891117,92,8.6
1712074892086,91,8.6
1712074893113,91,8.6
1712074894086,91,8.5
1712074895117,91,8.5
1712074896083,90,8.1
1712074897110,90,8.2
1712074898091,90,8.3
1712074899108,90,8.3
1712074900081,90,8.4
1712074901108,90,7.8
1712074902086,90,7.9
1712074903108,90,7.6
1712074904080,90,6.8
1712074905107,90,7.0
1712074906080,90,7.0
1712074907104,90,6.3
1712074908079,91,6.1
1712074909145,91,5.1
1712074910077,90,5.1
1712074911103,90,5.1
1712074912086,90,5.1
1712074913100,90,5.2
1712074914069,90,5.8
1712074915097,90,5.7
1712074916079,90,5.7
1712074917093,90,5.6
1712074918123,91,5.5
1712074919095,91,5.5
1712074920116,91,5.5
1712074921093,91,5.4
1712074922118,91,5.7
1712074923095,91,5.2
1712074924121,91,4.9
1712074925094,91,4.9
1712074926116,91,4.5
1712074927089,91,4.5
1712074928123,91,4.7
1712074929087,91,4.6
1712074930113,91,4.6
1712074931091,91,4.6
1712074932112,91,4.6
1712074933084,91,3.9
1712074934111,90,4.4
1712074935085,90,6.6
1712074936110,89,6.5
1712074937086,88,6.7
1712074938113,88,6.7
1712074939085,88,6.8
1712074940107,88,6.8
1712074941084,89,6.8
1712074942149,89,6.8
1712074943129,89,6.8
1712074944103,89,6.6
1712074945085,89,7.0
1712074946103,89,7.0
1712074947083,90,6.7
1712074948102,90,6.5
1712074949124,90,6.7
1712074950105,90,6.7
1712074951081,89,6.9
1712074952092,89,6.9
1712074953076,89,7.2
1712074954104,90,5.5
1712074955084,90,5.5
1712074956099,92,5.9
1712074957167,93,6.0
1712074958144,93,5.9
1712074959121,93,5.6
1712074960095,94,5.7
1712074961115,94,5.6
1712074962092,94,5.6
1712074963115,94,5.6
1712074964095,94,5.2
1712074965118,94,5.3
1712074966092,95,5.5
1712074967115,95,5.5
1712074968089,96,5.3
1712074969118,96,5.0
1712074970089,96,5.0
1712074971115,96,4.7
1712074972083,96,4.4
1712074973110,96,4.6
1712074974092,94,4.7
1712074975113,93,5.3
1712074976132,92,5.3
1712074977111,91,5.3
1712074978081,91,5.8
1712074979110,91,6.2
1712074980080,92,6.2
1712074981107,93,6.3
1712074982125,93,6.5
1712074983113,94,6.5
1712074984081,94,6.4
1712074985104,94,6.4
1712074986080,94,6.3
1712074987116,94,6.3
1712074988084,94,6.8
1712074989145,94,6.8
1712074990083,94,6.6
1712074991102,94,6.5
1712074992078,93,6.3
1712074993101,93,5.4
1712074994076,93,5.3
1712074995099,94,5.4
1712074996124,94,5.5
1712074997100,95,4.9
1712074998120,95,4.4
1712074999096,95,4.5
1712075000118,94,4.3
1712075001093,94,4.3
1712075002120,93,4.5
1712075003091,93,4.5
1712075004113,92,4.6
1712075005089,91,4.7
1712075006117,91,4.9
1712075007137,91,4.5
1712075008118,91,4.6
1712075009137,91,4.7
1712075010113,92,4.7
1712075011088,93,4.8
1712075012108,94,5.3
1712075013088,95,4.9
1712075014113,97,5.4
1712075015091,97,5.4
1712075016112,98,5.4
1712075017083,97,5.5
1712075018111,97,5.5
1712075019080,97,6.0
1712075020151,96,6.0
1712075021086,95,5.7
1712075022102,95,5.7
1712075023087,95,6.5
1712075024153,96,6.2
1712075025081,97,6.3
1712075026105,98,6.4
1712075027079,98,6.3
1712075028111,98,6.4
1712075029081,98,6.5
1712075030103,95,10.7
1712075031079,93,10.7
1712075032100,91,10.4
1712075033075,90,10.6
1712075034147,90,11.0
1712075035073,90,11.0
1712075036100,90,11.1
1712075037123,90,11.1
1712075038095,90,10.8
1712075039121,90,10.8
1712075040093,90,10.8
1712075041168,90,10.8
1712075042187,90,10.4
1712075043120,89,10.4
1712075044089,89,10.4
1712075045121,89,10.2
1712075046091,89,10.2
1712075047117,89,10.2
1712075048095,89,10.1
1712075049115,89,8.9
1712075050091,90,5.6
1712075051113,90,5.7
1712075052088,91,5.4
1712075053113,91,5.4
1712075054091,92,4.4
1712075055110,92,4.1
1712075056083,91,4.5
1712075057155,91,4.5
1712075058081,91,4.5
1712075059109,92,5.4
1712075060084,92,5.4
1712075061112,94,6.6
1712075062084,97,6.9
1712075063108,99,7.3
1712075064077,101,7.3
1712075065103,102,7.3
1712075066083,104,7.3
1712075067199,106,7.0
1712075068079,107,6.9
1712075069101,108,6.9
1712075070079,108,6.9
1712075071100,107,7.1
1712075072092,103,10.4
1712075073100,101,10.1
1712075074075,101,10.6
1712075075099,101,10.6
1712075076121,101,10.2
1712075077097,100,11.0
1712075078075,98,10.9
1712075079095,97,10.8
1712075080121,95,12.0
1712075081092,92,12.3
1712075082115,91,12.3
1712075083093,91,13.2
1712075084116,91,13.2
1712075085103,91,13.2
1712075086117,91,13.2
1712075087091,91,13.2
1712075088118,90,13.2
1712075089086,90,13.2
1712075090209,90,11.4
1712075091092,90,10.7
1712075092113,91,10.8
1712075093087,91,10.4
1712075094160,90,10.2
1712075095139,91,10.3
1712075096112,91,9.3
1712075097083,91,8.8
1712075098113,91,8.7
1712075099085,91,6.8
1712075100105,93,6.6
1712075101083,94,6.7
1712075102103,95,4.5
1712075103076,95,4.7
1712075104105,94,5.9
1712075105092,94,5.9
1712075106101,93,5.9
1712075107085,93,5.8
1712075108103,93,5.8
1712075109127,92,5.7
1712075110152,92,5.7
1712075111081,92,5.7
1712075112144,92,5.8
1712075113081,91,6.1
1712075114145,90,6.1
1712075115124,90,6.1
1712075116099,90,6.2
1712075117075,90,6.3
1712075118147,90,6.3
1712075119073,90,5.5
1712075120143,90,5.8
1712075121128,89,5.9
1712075122094,89,5.8
1712075123079,89,5.1
1712075124142,90,5.4
1712075125121,90,5.3
1712075126087,90,5.3
1712075127115,90,5.4
1712075128137,90,5.4
1712075129117,91,5.5
1712075130087,91,5.4
1712075131118,91,5.4
1712075132083,91,5.2
1712075133113,91,5.0
1712075134133,91,4.9
1712075135107,91,4.7
1712075136085,92,4.6
1712075137108,92,4.6
1712075138089,92,4.6
1712075139151,92,3.9
1712075140084,92,3.7
1712075141105,92,3.8
1712075142128,91,3.2
1712075143152,91,2.7
1712075144079,92,4.0
1712075145109,93,5.5
1712075146077,94,5.4
1712075147101,95,5.4
1712075148081,96,5.4
1712075149105,96,5.5
1712075150085,96,5.5
1712075151100,96,5.5
1712075152078,96,5.5
1712075153103,97,5.5
1712075154076,97,5.5
1712075155100,97,5.5
1712075156121,97,5.5
1712075157145,95,6.5
1712075158072,95,6.6
1712075159101,93,6.7
1712075160065,93,6.6
1712075161092,92,6.6
1712075162119,91,6.5
1712075163097,91,5.2
1712075164116,91,6.7
1712075165102,91,6.7
1712075166120,92,6.7
1712075167096,92,6.8
1712075168161,93,6.8
1712075169088,93,6.9
1712075170117,94,7.0
1712075171091,94,7.0
1712075172112,95,7.0
1712075173089,96,7.2
1712075174155,97,7.3
1712075175091,98,7.3
1712075176110,97,6.6
1712075177086,97,6.9
1712075178113,96,7.0
1712075179081,95,7.0
1712075180110,94,6.8
1712075181081,94,6.8
1712075182112,93,5.2
1712075183131,93,5.2
1712075184107,93,5.3
1712075185083,93,5.1
1712075186105,92,5.3
1712075187081,92,5.3
1712075188147,92,5.3
1712075189083,92,5.1
1712075190145,92,5.1
1712075191079,92,5.1
1712075192102,92,4.7
1712075193076,92,4.5
1712075194099,91,4.4
1712075195079,92,4.0
1712075196097,92,3.9
1712075197077,93,3.6
1712075198145,93,3.6
1712075199071,93,3.3
1712075200094,93,3.4
1712075201076,93,3.6
1712075202099,92,3.6
1712075203118,92,3.5
1712075204093,92,3.0
1712075205213,92,3.3
1712075206092,93,3.2
1712075207119,93,3.1
1712075208097,93,3.1
1712075209115,93,3.1
1712075210088,93,3.1
1712075211113,93,3.1
1712075212086,93,3.1
1712075213110,93,3.1
1712075214085,93,2.9
1712075215117,94,3.0
1712075216086,94,3.0
1712075217112,94,3.0
1712075218129,95,2.7
1712075219111,95,2.5
1712075220080,95,2.4
1712075221113,95,2.3
1712075222081,96,3.7
1712075223151,97,3.6
1712075224133,97,3.6
1712075225149,97,3.6
1712075226081,96,4.7
1712075227150,96,4.7
1712075228127,95,4.8
1712075229145,95,4.9
1712075230078,95,5.0
1712075231100,96,5.0
1712075232121,97,5.5
1712075233103,98,5.7
1712075234083,99,5.7
1712075235107,100,5.7
1712075236077,100,5.7
1712075237097,100,6.2
1712075238071,99,6.3
1712075239096,97,8.7
1712075240080,95,8.2
1712075241097,94,8.3
1712075242077,93,8.4
1712075243097,92,8.4
1712075244120,92,8.0
1712075245091,92,8.2
1712075246167,93,8.2
1712075247087,93,8.2
1712075248116,93,8.2
1712075249091,93,8.1
1712075250160,93,8.1
1712075251135,93,7.5
1712075252110,93,7.6
1712075253089,94,7.6
1712075254113,94,7.6
1712075255086,95,7.6
1712075256111,95,7.2
1712075257134,94,7.2
1712075258111,94,4.3
1712075259087,94,4.3
1712075260107,93,4.2
1712075261083,93,3.9
1712075262108,93,3.9
1712075263081,93,3.2
1712075264107,93,3.0
1712075265133,93,3.0
1712075266103,93,3.1
1712075267079,93,3.0
1712075268101,93,3.3
1712075269080,92,3.4
1712075270101,92,3.4
1712075271079,92,3.5
1712075272105,92,3.5
1712075273077,93,3.7
1712075274101,94,4.5
1712075275071,95,4.5
1712075276097,95,4.2
1712075277072,95,4.2
1712075278101,94,5.1
1712075279070,94,5.1
1712075280151,94,5.1
1712075281076,94,5.3
1712075282097,94,5.5
1712075283071,95,5.5
1712075284099,95,5.5
1712075285121,94,5.8
1712075286092,94,5.8
1712075287117,93,5.6
1712075288089,93,5.6
1712075289109,93,5.6
1712075290137,95,7.9
1712075291116,96,7.9
1712075292093,96,7.4
1712075293115,96,7.8
1712075294085,96,7.8
1712075295111,97,8.0
1712075296084,98,8.0
1712075297112,99,8.0
1712075298089,99,8.0
1712075299113,98,8.6
1712075300085,98,8.6
1712075301152,97,8.6
1712075302129,97,8.5
1712075303111,98,9.2
1712075304083,98,9.4
1712075305148,98,9.4
1712075306081,97,10.0
1712075307103,96,10.0
1712075308078,96,8.4
1712075309107,97,8.6
1712075310073,98,8.4
1712075311103,98,8.5
1712075312078,99,8.5
1712075313100,98,8.6
1712075314081,97,8.7
1712075315100,96,9.1
1712075316080,93,9.9
1712075317108,92,9.5
1712075318073,92,9.6
1712075319093,92,10.3
1712075320071,93,10.8
1712075321097,94,10.1
1712075322118,94,10.1
1712075323096,94,10.0
1712075324119,96,10.2
1712075325145,97,10.2
1712075326118,98,10.0
1712075327093,99,9.8
1712075328117,99,9.6
1712075329092,100,9.6
1712075330111,99,10.3
1712075331087,97,10.3
1712075332113,97,9.9
1712075333094,98,9.6
1712075334117,97,8.7
1712075335083,97,8.7
1712075336110,97,8.4
1712075337181,97,7.5
1712075338208,96,7.0
1712075339085,95,6.8
1712075340158,95,6.8
1712075341093,95,7.1
1712075342107,95,7.1
1712075343086,95,6.0
1712075344105,95,6.0
1712075345088,95,6.0
1712075346109,94,6.0
1712075347080,94,6.0
1712075348105,95,4.9
1712075349073,95,4.2
1712075350103,94,4.6
1712075351127,94,4.9
1712075352113,93,4.9
1712075353081,93,5.4
1712075354105,93,5.4
1712075355083,96,8.3
1712075356102,98,8.4
1712075357119,99,8.4
1712075358100,99,8.9
1712075359079,98,8.9
1712075360095,98,8.8
1712075361119,98,8.9
1712075362097,97,9.0
1712075363068,98,9.0
1712075364092,99,9.2
1712075365069,99,9.2
1712075366094,100,9.1
1712075367116,99,9.5
1712075368089,98,10.1
1712075369117,97,9.9
1712075370092,97,10.1
1712075371257,97,9.8
1712075372091,97,9.2
1712075373113,97,7.4
1712075374092,96,7.2
1712075375111,96,7.2
1712075376088,96,6.5
1712075377111,95,7.8
1712075378091,93,8.6
1712075379111,92,8.6
1712075380081,92,8.4
1712075381107,92,8.5
1712075382083,91,8.2
1712075383156,91,8.1
1712075384083,91,8.6
1712075385110,92,8.6
1712075386083,90,10.1
1712075387107,89,12.7
1712075388079,88,12.7
1712075389104,87,12.7
1712075390125,87,13.0
1712075391103,87,13.2
1712075392129,89,14.2
1712075393102,90,14.2
1712075394073,91,14.2
1712075395101,90,15.5
1712075396077,89,16.1
1712075397099,88,15.3
1712075398127,87,15.1
1712075399103,88,17.0
1712075400068,88,17.0
1712075401102,90,17.4
1712075402120,91,17.4
1712075403095,91,18.5
1712075404073,90,18.3
1712075405142,91,18.3
1712075406069,92,15.9
1712075407092,93,15.9
1712075408116,94,15.9
1712075409094,94,15.7
1712075410155,93,15.7
1712075411089,93,15.6
1712075412116,92,14.9
1712075413089,93,14.9
1712075414113,92,13.5
1712075415087,91,12.8
1712075416112,91,12.8
1712075417087,91,13.1
1712075418112,90,10.4
1712075419081,90,11.1
1712075420104,89,11.1
1712075421085,87,10.6
1712075422105,87,10.6
1712075423087,87,8.5
1712075424108,87,8.5
1712075425086,88,10.5
1712075426104,88,9.1
1712075427080,88,9.0
1712075428103,88,10.5
1712075429078,87,10.0
1712075430100,87,10.0
1712075431083,88,10.5
1712075432105,90,12.4
1712075433079,91,12.4
1712075434108,92,12.4
1712075435076,92,13.7
1712075436101,91,14.9
1712075437077,90,14.7
1712075438145,90,14.6
1712075439125,90,14.7
1712075440145,91,14.8
1712075441072,94,15.5
1712075442102,95,15.6
1712075443073,98,14.6
1712075444097,100,14.6
1712075445119,100,14.7
1712075446095,101,13.7
1712075447071,101,13.7
1712075448089,101,13.7
1712075449163,99,13.9
1712075450137,98,14.0
1712075451118,95,13.6
1712075452086,94,13.6
1712075453113,93,12.3
1712075454086,92,10.7
1712075455111,92,10.9
1712075456083,89,13.0
1712075457111,88,13.0
1712075458094,87,12.8
1712075459109,85,12.8
1712075460078,85,12.8
1712075461110,86,14.1
1712075462129,86,13.9
1712075463107,87,13.8
1712075464083,87,13.8
1712075465111,87,13.7
1712075466080,87,13.7
1712075467103,87,13.7
1712075468084,87,13.9
1712075469150,87,13.5
1712075470078,87,12.3
1712075471144,87,12.1
1712075472126,88,12.0
1712075473105,88,12.1
1712075474075,88,12.1
1712075475107,89,11.8
1712075476123,89,9.2
1712075477097,90,9.0
1712075478073,90,9.0
1712075479097,91,8.4
1712075480079,92,5.2
1712075481093,93,5.1
1712075482072,93,5.6
1712075483099,92,7.4
1712075484071,91,7.4
1712075485097,90,7.4
1712075486069,90,7.4
1712075487093,90,7.1
1712075488118,90,6.7
1712075489091,90,6.7
1712075490113,90,6.8
1712075491094,90,6.8
1712075492112,90,6.6
1712075493137,90,6.7
1712075494116,89,6.7
1712075495086,89,6.7
1712075496112,89,6.7
1712075497086,89,6.6
1712075498112,88,6.7
1712075499084,87,6.5
1712075500108,87,6.3
1712075501081,87,6.3
1712075502113,87,3.5
1712075503081,87,3.4
1712075504105,87,3.4
1712075505133,88,3.4
1712075506108,88,3.4
1712075507080,87,3.4
1712075508104,87,3.4
1712075509080,87,3.4
1712075510104,87,3.8
1712075511128,88,4.9
1712075512103,88,4.9
1712075513129,89,4.8
1712075514101,89,4.7
1712075515076,89,4.8
1712075516097,89,4.8
1712075517077,90,4.7
1712075518148,90,4.7
1712075519069,90,4.6
1712075520091,91,4.7
1712075521077,91,4.7
1712075522097,92,5.2
1712075523070,94,5.3
1712075524097,94,5.4
1712075525075,95,5.4
1712075526089,95,5.2
1712075527070,95,6.3
1712075528089,94,6.5
1712075529115,93,5.9
1712075530089,93,5.5
1712075531167,93,5.5
1712075532142,93,5.5
1712075533115,94,6.0
1712075534088,94,6.0
1712075535113,94,6.0
1712075536088,93,7.4
1712075537111,93,7.4
1712075538139,92,7.3
1712075539113,92,7.3
1712075540089,91,7.3
1712075541108,91,7.0
1712075542084,92,6.9
1712075543107,91,6.8
1712075544087,91,7.2
1712075545110,91,7.2
1712075546081,91,7.0
1712075547105,91,6.7
1712075548093,92,6.8
1712075549147,92,6.7
1712075550080,91,6.7
1712075551102,91,6.7
1712075552079,92,6.2
1712075553096,92,6.2
1712075554079,92,6.1
1712075555102,93,4.8
1712075556075,93,5.4
1712075557104,94,5.4
1712075558121,94,5.6
1712075559099,95,5.6
1712075560073,95,5.5
1712075561093,94,5.9
1712075562163,93,6.9
1712075563093,91,7.9
1712075564073,91,7.9
1712075565141,89,7.3
1712075566069,89,7.3
1712075567093,89,7.7
1712075568160,89,7.8
1712075569089,89,7.9
1712075570071,89,7.9
1712075571137,89,7.9
1712075572113,90,8.0
1712075573094,90,8.1
1712075574113,91,8.1
1712075575132,91,7.4
1712075576112,92,7.8
1712075577087,93,8.0
1712075578112,94,8.0
1712075579083,94,8.2
1712075580108,94,7.9
1712075581088,95,5.5
1712075582105,95,5.4
1712075583088,96,5.4
1712075584111,96,5.5
1712075585081,96,4.8
1712075586151,97,5.0
1712075587080,97,5.0
1712075588104,98,5.0
1712075589085,98,5.2
1712075590145,97,5.1
1712075591125,97,5.1
1712075592099,96,5.1
1712075593078,95,5.9
1712075594100,94,5.9
1712075595073,93,4.9
1712075596101,93,4.9
1712075597075,92,4.6
1712075598096,92,4.8
1712075599073,91,4.8
1712075600193,91,4.7
1712075601071,92,5.4
1712075602097,92,5.4
1712075603083,92,5.4
1712075604091,92,5.4
1712075605125,91,6.3
1712075606089,91,6.1
1712075607070,90,6.7
1712075608089,89,6.7
1712075609071,89,6.5
1712075610086,89,6.4
1712075611072,89,6.8
1712075612086,89,6.7
1712075613115,90,6.1
1712075614088,90,6.0
1712075615112,91,6.4
1712075616087,92,7.8
1712075617110,94,7.9
1712075618131,96,8.0
1712075619159,98,7.9
1712075620129,101,8.1
1712075621110,102,8.1
1712075622089,102,8.8
1712075623111,100,8.9
1712075624176,100,8.9
1712075625113,99,8.5
1712075626079,98,8.5
1712075627104,97,9.1
1712075628086,94,10.3
1712075629104,92,10.9
1712075630176,90,10.6
1712075631104,90,10.7
1712075632078,90,10.8
1712075633097,89,10.7
1712075634077,89,10.6
1712075635108,87,10.7
1712075636075,86,10.6
1712075637100,86,10.5
1712075638169,86,10.9
1712075639095,86,10.8
1712075640068,86,10.7
1712075641095,86,11.0
1712075642069,85,10.5
1712075643097,85,10.3
1712075644075,85,9.8
1712075645091,84,9.8
1712075646071,85,11.8
1712075647092,85,12.0
1712075648070,87,11.4
1712075649092,88,10.9
1712075650113,88,11.0
1712075651088,89,11.2
1712075652157,89,11.1
1712075653136,88,11.1
1712075654113,88,11.1
1712075655135,89,10.0
1712075656126,89,10.1
1712075657089,90,10.3
1712075658111,91,10.0
1712075659084,91,10.0
1712075660112,92,9.6
1712075661083,92,9.7
1712075662113,91,9.8
1712075663088,90,10.7
1712075664105,89,10.7
1712075665081,89,10.7
1712075666107,89,7.3
1712075667079,89,6.7
1712075668110,90,7.4
1712075669085,91,7.2
1712075670102,92,7.0
1712075671173,94,7.9
1712075672147,97,8.3
1712075673078,98,8.3
1712075674101,98,8.8
1712075675080,98,9.4
1712075676101,95,10.1
1712075677073,94,10.2
1712075678099,93,10.2
1712075679070,92,10.2
1712075680097,91,10.2
1712075681073,91,10.1
1712075682101,91,9.3
1712075683067,92,9.7
1712075684096,93,9.6
1712075685118,92,9.9
1712075686137,91,10.0
1712075687069,91,10.0
1712075688089,90,10.6
1712075689071,89,10.5
1712075690137,89,10.2
1712075691067,88,9.6
1712075692085,88,9.6
1712075693072,88,9.6
1712075694087,88,9.2
1712075695117,90,8.4
1712075696088,90,7.9
1712075697111,91,7.9
1712075698083,91,8.0
1712075699108,91,7.9
1712075700080,91,7.8
1712075701110,91,7.8
1712075702086,91,7.6
1712075703108,92,7.6
1712075704131,92,7.3
1712075705104,92,6.5
1712075706081,92,6.6
1712075707104,91,7.4
1712075708079,90,8.2
1712075709208,88,8.2
1712075710079,88,8.2
1712075711105,87,8.6
1712075712083,88,8.9
1712075713103,89,9.6
1712075714075,90,9.0
1712075715108,90,9.0
1712075716078,90,9.0
1712075717099,90,9.2
1712075718073,89,9.1
1712075719145,89,9.1
1712075720121,89,9.2
1712075721099,88,9.2
1712075722073,88,9.0
1712075723140,89,9.4
1712075724072,89,9.5
1712075725094,90,9.5
1712075726072,90,9.4
1712075727093,91,7.1
1712075728069,91,7.1
1712075729093,90,8.1
1712075730067,90,8.1
1712075731089,90,7.4
1712075732068,90,6.8
1712075733087,90,6.1
1712075734065,90,6.1
1712075735091,91,5.9
1712075736111,91,5.6
1712075737134,90,5.7
1712075738111,90,6.2
1712075739084,89,6.1
1712075740111,89,6.2
1712075741083,89,6.9
1712075742109,91,7.2
1712075743083,92,7.4
1712075744109,94,7.8
1712075745084,96,8.2
1712075746105,99,8.3
1712075747078,100,7.4
1712075748110,101,7.4
1712075749081,102,7.3
1712075750105,102,7.3
1712075751078,102,7.5
1712075752145,101,7.7
1712075753129,101,7.7
1712075754150,100,7.7
1712075755076,100,7.1
1712075756104,100,7.1
1712075757079,100,7.1
1712075758099,97,10.9
1712075759075,95,10.4
1712075760097,93,15.1
1712075761124,90,14.5
1712075762143,88,14.4
1712075763073,87,14.2
1712075764097,87,15.1
1712075765071,87,15.1
1712075766091,87,15.1
1712075767169,88,15.2
1712075768184,88,15.2
1712075769069,88,15.3
1712075770133,88,15.3
1712075771068,88,15.1
1712075772091,88,15.1
1712075773067,88,15.1
1712075774089,88,15.1
1712075775112,88,15.1
1712075776088,88,15.1
1712075777111,88,15.1
1712075778092,88,12.6
1712075779109,89,12.6
1712075780084,89,6.3
1712075781112,89,6.3
1712075782083,89,6.3
1712075783108,89,6.3
1712075784084,89,3.2
1712075785105,89,3.0
1712075786179,89,2.2
1712075787104,89,2.2
1712075788084,89,3.2
1712075789103,89,3.2
1712075790125,90,3.2
1712075791103,90,3.0
1712075792079,90,3.2
1712075793102,90,3.3
1712075794083,90,3.4
1712075795097,90,3.4
1712075796076,90,3.6
1712075797099,90,3.8
1712075798075,89,3.8
1712075799094,90,4.0
1712075800073,90,4.4
1712075801099,90,4.4
1712075802069,91,4.4
1712075803094,91,4.5
1712075804071,91,4.6
1712075805097,91,4.6
1712075806069,90,4.8
1712075807091,90,4.8
1712075808079,90,4.0
1712075809089,90,4.0
1712075810075,89,4.6
1712075811088,89,4.8
1712075812065,88,4.8
1712075813135,88,4.7
1712075814118,89,5.4
1712075815085,89,5.3
1712075816068,90,5.2
1712075817131,90,5.2
1712075818112,90,5.2
1712075819133,90,5.1
1712075820109,90,5.4
1712075821085,90,5.8
1712075822112,91,5.8
1712075823081,91,5.9
1712075824105,92,5.9
1712075825129,92,5.7
1712075826107,91,6.5
1712075827084,91,6.5
1712075828111,91,6.6
1712075829081,90,6.4
1712075830107,91,6.3
1712075831080,91,6.1
1712075832100,91,6.1
1712075833080,91,6.1
1712075834148,92,6.0
1712075835080,92,5.9
1712075836099,92,5.9
1712075837077,92,5.9
1712075838101,91,6.4
1712075839073,91,6.0
1712075840097,90,5.6
1712075841078,90,5.5
1712075842099,90,5.3
1712075843072,90,5.6
1712075844094,91,5.9
1712075845071,90,5.1
1712075846097,90,5.2
1712075847075,90,5.2
1712075848092,90,5.2
1712075849073,90,5.5
1712075850087,90,5.5
1712075851067,90,5.5
1712075852088,90,5.0
1712075853111,91,5.0
1712075854088,91,5.3
1712075855069,91,5.6
1712075856084,91,5.6
1712075857069,91,4.9
1712075858085,91,4.9
1712075859111,91,4.9
1712075860134,91,4.9
1712075861113,91,5.0
1712075862081,91,5.0
1712075863109,91,4.3
1712075864081,91,4.2
1712075865113,91,3.9
1712075866081,91,3.9
1712075867152,91,3.6
1712075868132,91,3.4
1712075869147,92,3.4
1712075870129,92,3.3
1712075871101,92,3.3
1712075872079,92,3.6
1712075873148,92,3.1
1712075874088,92,2.5
1712075875101,92,2.5
1712075876076,92,2.5
1712075877097,93,2.4
1712075878073,93,2.5
1712075879099,93,2.6
1712075880065,92,2.6
1712075881096,92,2.6
1712075882076,92,2.6
1712075883092,92,2.6
1712075884071,92,2.6
1712075885095,92,2.6
1712075886118,92,2.6
1712075887097,92,2.2
1712075888118,92,2.2
1712075889093,92,2.3
1712075890117,93,2.3
1712075891088,93,1.9
1712075892065,93,2.1
1712075893094,92,2.5
1712075894067,92,2.8
1712075895088,91,3.2
1712075896064,90,3.2
1712075897086,90,4.0
1712075898069,91,3.9
1712075899083,91,3.9
1712075900157,91,4.2
1712075901085,92,4.3
1712075902107,92,4.4
1712075903083,92,4.5
1712075904113,92,4.7
1712075905081,92,4.7
1712075906112,92,4.8
1712075907080,92,4.9
1712075908104,92,5.0
1712075909081,92,5.0
1712075910101,93,4.9
1712075911079,92,5.2
1712075912103,92,5.0
1712075913081,92,4.6
1712075914101,92,4.5
1712075915077,92,4.6
1712075916142,92,3.9
1712075917078,92,3.8
1712075918100,92,3.8
1712075919124,92,3.7
1712075920095,92,3.6
1712075921125,92,3.6
1712075922094,92,3.7
1712075923076,92,3.9
1712075924089,92,3.8
1712075925161,93,3.7
1712075926089,92,3.6
1712075927069,92,3.5
1712075928188,92,3.5
1712075929068,92,3.5
1712075930092,93,3.1
1712075931071,93,3.6
1712075932092,94,3.6
1712075933067,94,3.6
1712075934141,93,4.2
1712075935065,93,4.3
1712075936083,92,4.3
1712075937056,92,4.2
1712075938083,92,4.1
1712075939070,92,4.0
1712075940131,92,4.0
1712075941153,93,3.5
1712075942135,93,3.5
1712075943108,92,3.5
1712075944083,92,3.5
1712075945112,92,3.5
1712075946081,93,4.1
1712075947105,93,4.6
1712075948086,94,4.6
1712075949102,94,4.5
1712075950081,95,4.2
1712075951110,95,4.2
1712075952077,96,3.9
1712075953109,97,4.8
1712075954078,98,4.8
1712075955101,99,4.7
1712075956081,99,4.8
1712075957101,99,4.8
1712075958078,98,5.3
1712075959105,97,6.5
1712075960073,95,6.8
1712075961095,94,6.8
1712075962072,93,6.9
1712075963145,92,7.3
1712075964124,90,7.3
1712075965093,90,7.4
1712075966072,89,7.2
1712075967142,88,7.2
1712075968070,88,7.2
1712075969095,88,7.2
1712075970111,88,7.3
1712075971095,88,7.1
1712075972071,88,6.5
1712075973133,88,6.5
1712075974064,88,6.5
1712075975086,89,6.8
1712075976157,89,6.8
1712075977084,89,6.7
1712075978113,88,6.5
1712075979133,88,4.9
1712075980061,88,5.2
1712075981084,90,6.9
1712075982109,92,7.0
1712075983080,93,7.3
1712075984111,95,7.2
1712075985081,95,7.6
1712075986113,94,8.9
1712075987092,93,8.9
1712075988112,92,9.1
1712075989080,92,9.1
1712075990103,92,9.3
1712075991083,93,9.5
1712075992097,93,9.5
1712075993080,93,9.5
1712075994103,93,9.5
1712075995078,92,9.5
1712075996101,92,9.5
1712075997091,92,9.4
1712075998097,92,9.4
1712075999076,91,9.1
1712076000145,91,8.1
1712076001073,90,8.1
1712076002095,90,7.7
1712076003073,90,8.0
1712076004099,90,7.6
1712076005077,90,6.2
1712076006089,91,6.2
1712076007071,91,6.1
1712076008091,90,6.5
1712076009069,90,6.4
1712076010089,89,6.3
1712076011117,89,6.5
1712076012087,90,7.5
1712076013067,91,7.7
1712076014088,92,7.7
1712076015157,93,7.7
1712076016089,94,7.7
1712076017065,94,7.7
1712076018085,94,7.7
1712076019113,94,7.7
1712076020088,93,7.3
1712076021060,93,7.3
1712076022136,92,7.0
1712076023109,92,7.0
1712076024088,92,6.7
1712076025107,92,6.7
1712076026081,93,6.5
1712076027103,93,6.1
1712076028081,92,6.0
1712076029200,92,6.2
1712076030127,91,5.8
1712076031103,91,4.5
1712076032081,90,3.9
1712076033102,89,4.2
1712076034123,89,4.2
1712076035101,89,4.3
1712076036076,89,5.9
1712076037105,90,6.2
1712076038077,91,6.2
1712076039097,92,6.4
1712076040073,93,6.4
1712076041099,93,6.8
1712076042070,93,6.9
1712076043092,92,7.0
1712076044081,91,8.0
1712076045096,90,8.0
1712076046069,90,8.9
1712076047101,91,8.7
1712076048069,91,8.9
1712076049089,92,8.8
1712076050073,92,8.8
1712076051089,93,8.9
1712076052073,93,8.7
1712076053089,92,9.8
1712076054065,92,9.8
1712076055088,90,9.8
1712076056065,89,9.7
1712076057089,89,9.5
1712076058062,89,9.3
1712076059087,89,10.0
1712076060060,91,11.8
1712076061081,92,11.7
1712076062060,94,11.0
1712076063135,94,11.3
1712076064109,93,12.8
1712076065081,92,12.4
1712076066113,91,12.4
1712076067129,90,12.3
1712076068105,90,12.3
1712076069081,89,12.2
1712076070107,89,12.4
1712076071078,88,12.5
1712076072101,88,12.1
1712076073078,88,11.6
1712076074105,87,11.6
1712076075078,87,10.8
1712076076101,87,10.8
1712076077127,87,10.8
1712076078099,87,10.7
1712076079127,87,8.0
1712076080097,88,8.7
1712076081075,90,10.0
1712076082145,91,10.1
1712076083078,93,7.7
1712076084094,94,7.5
1712076085077,94,8.2
1712076086092,92,9.7
1712076087070,90,11.0
1712076088153,90,11.1
1712076089158,89,11.1
1712076090093,88,11.5
1712076091067,89,12.0
1712076092089,89,12.1
1712076093118,91,12.5
1712076094087,93,12.8
1712076095062,93,12.8
1712076096188,95,12.8
1712076097067,95,12.8
1712076098093,95,13.1
1712076099065,94,12.5
1712076100132,93,11.8
1712076101110,93,11.7
1712076102085,92,11.7
1712076103062,92,11.7
1712076104083,91,11.1
1712076105149,91,9.9
1712076106083,91,8.3
1712076107105,90,8.4
1712076108081,90,7.3
1712076109103,90,7.3
1712076110083,90,6.6
1712076111105,90,6.4
1712076112078,90,5.7
1712076113101,90,5.3
1712076114078,90,5.1
1712076115145,90,5.1
1712076116081,90,5.2
1712076117099,89,4.9
1712076118080,89,4.7
1712076119100,89,3.9
1712076120073,89,3.9
1712076121099,89,4.2
1712076122075,90,5.2
1712076123097,90,5.1
1712076124071,90,5.2
1712076125093,90,5.2
1712076126078,90,5.2
1712076127096,90,5.2
1712076128069,90,5.1
1712076129100,89,5.5
1712076130120,89,5.5
1712076131092,89,6.0
1712076132068,90,6.0
1712076133132,90,6.0
1712076134160,90,5.9
1712076135089,91,5.8
1712076136065,90,5.8
1712076137089,90,6.7
1712076138112,89,6.9
1712076139083,88,6.9
1712076140070,88,6.9
1712076141083,88,6.1
1712076142059,88,6.1
1712076143087,88,6.0
1712076144060,89,6.6
1712076145083,89,6.7
1712076146105,89,6.7
1712076147080,89,6.6
1712076148213,88,6.7
1712076149079,88,6.7
1712076150110,87,6.3
1712076151083,87,6.3
1712076152105,87,6.3
1712076153083,87,6.3
1712076154105,88,7.1
1712076155078,88,7.1
1712076156097,89,6.1
1712076157078,88,6.1
1712076158100,88,6.6
1712076159078,88,6.6
1712076160099,87,6.6
1712076161073,87,6.7
1712076162093,87,6.6
1712076163073,88,7.6
1712076164101,89,7.0
1712076165069,89,7.3
1712076166091,90,7.3
1712076167118,90,7.0
1712076168093,90,7.0
1712076169070,90,7.0
1712076170095,90,7.1
1712076171067,90,7.1
1712076172092,90,7.2
1712076173075,89,6.5
1712076174091,89,6.4
1712076175068,89,6.5
1712076176133,90,6.4
1712076177068,90,5.9
1712076178089,91,5.8
1712076179063,91,5.8
1712076180081,91,6.2
1712076181203,90,6.2
1712076182131,90,5.4
1712076183059,89,5.3
1712076184187,90,5.8
1712076185059,90,6.0
1712076186088,91,6.0
1712076187111,91,5.8
1712076188177,91,5.9
1712076189105,91,5.7
1712076190083,91,5.6
1712076191099,91,5.6
1712076192080,92,5.9
1712076193101,92,5.9
1712076194078,93,5.8
1712076195101,93,5.8
1712076196076,92,6.1
1712076197101,92,6.1
1712076198081,91,6.2
1712076199099,91,6.2
1712076200119,91,5.7
1712076201095,90,5.5
1712076202073,90,5.3
1712076203096,90,5.0
1712076204077,91,4.1
1712076205096,91,4.2
1712076206121,91,4.2
1712076207092,91,4.1
1712076208070,91,4.1
1712076209097,91,4.2
1712076210073,91,4.3
1712076211092,92,3.6
1712076212067,92,3.6
1712076213087,92,3.6
1712076214109,92,3.6
1712076215136,92,2.8
1712076216064,92,3.1
1712076217094,92,3.4
1712076218063,92,3.3
1712076219086,92,3.3
1712076220069,92,3.4
1712076221084,92,3.3
1712076222111,92,3.1
1712076223085,92,3.2
1712076224057,92,3.2
1712076225083,91,4.5
1712076226059,90,4.5
1712076227081,90,4.5
1712076228108,91,4.8
1712076229083,91,5.0
1712076230108,91,5.0
1712076231081,91,5.0
1712076232104,92,5.0
1712076233078,92,5.0
1712076234102,93,5.1
1712076235077,93,4.9
1712076236152,93,4.7
1712076237080,92,4.7
1712076238097,92,4.9
1712076239080,92,4.9
1712076240095,92,5.0
1712076241073,92,5.1
1712076242095,92,5.6
1712076243078,93,4.7
1712076244095,93,4.7
1712076245072,93,4.9
1712076246091,93,4.9
1712076247079,92,5.0
1712076248142,92,5.1
1712076249072,92,5.6
1712076250096,91,5.6
1712076251071,91,5.7
1712076252088,91,5.8
1712076253067,92,6.1
1712076254089,93,5.9
1712076255063,93,6.0
1712076256093,93,5.9
1712076257064,93,5.9
1712076258086,93,5.8
1712076259110,93,5.9
1712076260084,93,5.8
1712076261067,93,5.3
1712076262089,93,5.2
1712076263062,93,5.0
1712076264080,93,5.0
1712076265060,93,5.4
1712076266079,94,5.0
1712076267105,94,4.0
1712076268085,94,4.2
1712076269062,94,4.1
1712076270081,94,4.4
1712076271104,93,4.2
1712076272084,92,3.8
1712076273104,92,3.8
1712076274078,92,3.8
1712076275107,92,4.0
1712076276077,92,4.0
1712076277102,92,4.0
1712076278077,93,3.8
1712076279096,93,3.8
1712076280124,93,3.8
1712076281197,93,3.7
1712076282121,93,3.8
1712076283102,95,5.4
1712076284072,96,5.5
1712076285095,97,5.5
1712076286071,98,5.5
1712076287144,99,5.5
1712076288071,101,5.4
1712076289089,101,5.4
1712076290069,103,5.4
1712076291092,103,5.4
1712076292069,104,5.3
1712076293091,104,5.3
1712076294209,105,5.3
1712076295137,105,5.3
1712076296067,103,6.8
1712076297083,102,7.7
1712076298062,98,8.7
1712076299087,96,9.2
1712076300107,94,8.1
1712076301084,93,8.1
1712076302067,93,8.1
1712076303084,92,8.1
1712076304059,92,8.0
1712076305085,92,7.9
1712076306062,92,7.8
1712076307086,92,7.7
1712076308057,92,7.8
1712076309081,92,7.9
1712076310105,93,8.0
1712076311077,94,8.0
1712076312110,94,7.9
1712076313128,94,7.9
1712076314105,95,7.1
1712076315128,96,5.9
1712076316102,96,4.7
1712076317075,96,4.1
1712076318099,96,3.1
1712076319079,96,3.2
1712076320099,97,3.0
1712076321077,97,3.0
1712076322097,97,3.1
1712076323073,97,3.0
1712076324097,97,3.0
1712076325076,97,3.3
1712076326094,97,3.4
1712076327077,95,5.9
1712076328094,94,5.7
1712076329073,93,5.8
1712076330091,92,5.8
1712076331068,92,6.0
1712076332144,92,6.1
1712076333115,92,6.3
1712076334096,93,6.3
1712076335057,93,6.2
1712076336084,93,6.2
1712076337118,92,6.2
1712076338091,92,6.3
1712076339064,92,6.4
1712076340084,92,6.5
1712076341060,92,6.5
1712076342084,92,6.5
1712076343067,92,6.5
1712076344086,92,6.3
1712076345057,92,6.3
1712076346077,91,3.9
1712076347057,92,3.9
1712076348131,92,3.8
1712076349105,92,3.8
1712076350128,93,4.8
1712076351063,94,4.7
1712076352078,94,4.1
1712076353103,94,4.3
1712076354079,94,4.3
1712076355103,94,4.6
1712076356078,95,4.6
1712076357107,94,4.5
1712076358077,94,4.7
1712076359102,93,4.7
1712076360070,93,4.8
1712076361097,94,5.7
1712076362167,95,5.8
1712076363145,95,5.7
1712076364073,96,5.7
1712076365095,96,5.7
1712076366072,96,5.7
1712076367193,95,5.8
1712076368070,94,5.8
1712076369091,94,5.0
1712076370085,95,5.3
1712076371091,95,5.3
1712076372067,94,6.8
1712076373095,93,7.1
1712076374065,92,7.2
1712076375087,91,7.2
1712076376072,92,7.5
1712076377088,92,7.7
1712076378068,93,7.7
1712076379094,93,7.7
1712076380063,94,7.1
1712076381145,94,7.1
1712076382112,94,7.5
1712076383087,93,8.0
1712076384060,91,8.4
1712076385083,91,8.5
1712076386067,90,8.3
1712076387081,89,8.3
1712076388103,89,8.3
1712076389127,89,8.2
1712076390064,89,8.3
1712076391124,90,7.4
1712076392150,90,6.8
1712076393078,90,7.2
1712076394103,90,7.2
1712076395073,90,6.8
1712076396149,89,6.3
1712076397075,89,6.3
1712076398101,90,6.4
1712076399076,90,6.3
1712076400097,90,6.3
1712076401076,89,6.2
1712076402097,89,6.5
1712076403076,89,5.9
1712076404095,89,5.8
1712076405073,89,5.6
1712076406094,89,5.7
1712076407072,89,5.9
1712076408095,89,5.7
1712076409072,90,5.8
1712076410097,91,5.3
1712076411119,91,5.4
1712076412092,91,5.0
1712076413064,92,5.0
1712076414088,92,5.2
1712076415115,93,5.2
1712076416088,93,5.4
1712076417071,93,5.2
1712076418084,94,5.4
1712076419070,95,5.7
1712076420081,96,5.5
1712076421062,98,5.4
1712076422089,99,5.6
1712076423061,102,6.2
1712076424081,105,6.3
1712076425057,107,6.3
1712076426080,109,6.3
1712076427068,111,6.3
1712076428081,113,6.2
1712076429150,115,6.3
1712076430180,116,6.1
1712076431059,116,6.1
1712076432081,114,7.9
1712076433105,108,9.9
1712076434075,103,14.2
1712076435144,100,14.2
1712076436080,98,14.1
1712076437101,91,16.3
1712076438073,85,20.6
1712076439100,82,22.3
1712076440073,81,22.3
1712076441104,80,22.4
1712076442073,81,23.7
1712076443096,81,24.5
1712076444070,82,24.5
1712076445097,84,25.2
1712076446071,85,25.2
1712076447099,87,25.2
1712076448119,87,25.2
1712076449092,88,25.2
1712076450073,90,25.4
1712076451093,91,25.4
1712076452081,93,25.1
1712076453089,94,24.5
1712076454069,96,22.2
1712076455093,95,23.1
1712076456065,93,22.5
1712076457088,92,18.6
1712076458063,91,16.5
1712076459084,90,16.6
1712076460073,91,16.4
1712076461085,92,14.1
1712076462059,93,13.4
1712076463133,94,12.2
1712076464061,96,12.2
1712076465081,97,12.2
1712076466063,98,12.1
1712076467081,98,12.2
1712076468065,98,12.4
1712076469079,97,12.0
1712076470057,97,11.5
1712076471085,97,11.3
1712076472055,96,11.3
1712076473089,96,9.2
1712076474102,96,6.8
1712076475076,95,6.5
1712076476103,96,7.1
1712076477079,97,6.9
1712076478101,97,6.5
1712076479084,97,5.8
1712076480093,97,5.6
1712076481076,97,5.7
1712076482100,98,5.1
1712076483121,97,5.0
1712076484099,97,5.1
1712076485073,98,4.8
1712076486097,97,4.6
1712076487069,96,4.5
1712076488089,96,4.5
1712076489071,96,4.5
1712076490093,97,5.0
1712076491070,97,4.8
1712076492103,98,4.9
1712076493116,99,4.8
1712076494087,98,4.6
1712076495068,98,4.5
1712076496136,98,4.5
1712076497069,97,4.2
1712076498139,96,4.2
1712076499064,96,4.1
1712076500084,96,4.1
1712076501111,96,4.3
1712076502083,96,4.3
1712076503063,97,5.0
1712076504084,97,4.7
1712076505063,99,5.5
1712076506086,101,5.6
1712076507105,102,5.4
1712076508129,103,5.4
1712076509113,104,5.2
1712076510081,105,5.4
1712076511056,105,5.0
1712076512083,105,5.0
1712076513053,103,5.5
1712076514079,102,6.5
1712076515105,101,6.5
1712076516129,100,6.5
1712076517103,99,6.5
1712076518079,98,6.4
1712076519100,99,6.9
1712076520078,99,6.8
1712076521113,100,6.4
1712076522078,100,5.8
1712076523094,100,5.8
1712076524072,99,5.6
1712076525097,99,5.5
1712076526071,99,5.5
1712076527099,100,5.6
1712076528070,101,6.0
1712076529140,102,6.0
1712076530069,103,6.0
1712076531094,103,4.2
1712076532067,102,4.5
1712076533091,102,4.5
1712076534069,102,4.5
1712076535089,102,4.5
1712076536068,103,4.3
1712076537137,104,4.3
1712076538065,105,4.5
1712076539091,107,5.1
1712076540057,107,5.0
1712076541084,106,8.0
1712076542068,102,10.4
1712076543084,100,10.5
1712076544067,98,10.4
1712076545087,98,10.6
1712076546059,98,10.6
1712076547085,99,11.1
1712076548107,101,11.1
1712076549131,102,11.1
1712076550068,104,11.2
1712076551127,105,11.2
1712076552057,106,11.2
1712076553127,106,11.0
1712076554057,106,11.0
1712076555079,105,11.2
1712076556107,104,11.0
1712076557078,103,11.0
1712076558101,103,9.0
1712076559079,103,6.0
1712076560143,104,6.6
1712076561084,105,6.2
1712076562102,106,6.2
1712076563167,106,6.1
1712076564145,105,5.7
1712076565073,102,9.7
1712076566094,99,9.6
1712076567070,98,9.5
1712076568096,98,9.9
1712076569075,98,10.0
1712076570093,99,10.3
1712076571070,100,10.3
1712076572137,102,10.1
1712076573069,103,10.1
1712076574086,104,10.1
1712076575067,104,10.1
1712076576089,104,10.2
1712076577159,103,9.8
1712076578087,103,9.8
1712076579063,102,9.8
1712076580092,101,9.7
1712076581063,101,9.7
1712076582089,103,6.4
1712076583064,104,6.6
1712076584083,106,5.9
1712076585161,107,5.9
1712076586081,107,5.8
1712076587109,106,5.3
1712076588084,106,5.3
1712076589060,103,6.9
1712076590081,100,9.4
1712076591100,98,9.4
1712076592083,97,9.4
1712076593059,96,9.3
1712076594080,97,9.8
1712076595103,97,9.8
1712076596127,97,9.8
1712076597104,99,9.9
1712076598081,99,9.7
1712076599101,99,9.5
1712076600071,99,9.3
1712076601145,99,9.2
1712076602076,98,9.2
1712076603141,97,9.5
1712076604075,97,9.5
1712076605147,96,9.6
1712076606072,95,9.8
1712076607095,95,8.6
1712076608073,96,5.8
1712076609092,96,5.9
1712076610166,96,5.9
1712076611091,96,5.9
1712076612067,97,5.0
1712076613087,98,5.4
1712076614068,99,5.2
1712076615137,100,5.0
1712076616070,101,5.2
1712076617086,102,4.9
1712076618070,102,4.9
1712076619086,101,5.9
1712076620064,101,6.4
1712076621086,102,6.1
1712076622065,103,6.2
1712076623083,103,5.7
1712076624062,103,6.4
1712076625081,102,6.4
1712076626116,102,6.4
1712076627084,102,6.4
1712076628061,101,6.4
1712076629183,101,6.3
1712076630108,100,5.9
1712076631085,100,6.0
1712076632054,99,6.5
1712076633083,98,6.4
1712076634107,97,6.4
1712076635078,96,6.5
1712076636055,95,5.8
1712076637079,95,5.8
1712076638099,93,7.1
1712076639077,92,7.4
1712076640100,93,7.9
1712076641080,94,8.1
1712076642095,94,7.7
1712076643121,93,8.1
1712076644139,92,8.2
1712076645076,92,8.4
1712076646096,90,9.2
1712076647076,89,9.2
1712076648153,88,9.3
1712076649070,88,9.3
1712076650095,87,9.4
1712076651071,86,9.5
1712076652089,86,9.3
1712076653117,85,9.2
1712076654087,85,9.2
1712076655121,85,11.5
1712076656093,86,11.5
1712076657065,86,11.6
1712076658085,87,10.5
1712076659057,87,10.7
1712076660083,86,10.4
1712076661063,86,10.3
1712076662089,86,10.8
1712076663111,86,10.4
1712076664083,86,10.4
1712076665060,87,10.2
1712076666081,87,9.6
1712076667063,86,9.7
1712076668085,86,9.7
1712076669067,86,9.5
1712076670079,86,9.5
1712076671059,86,9.4
1712076672121,86,9.3
1712076673054,86,9.3
1712076674079,87,9.6
1712076675061,87,9.6
1712076676081,87,6.7
1712076677053,87,6.6
1712076678075,88,6.7
1712076679100,88,6.4
1712076680076,88,5.6
1712076681093,88,5.6
1712076682076,88,4.7
1712076683097,88,4.7
1712076684070,89,4.6
1712076685095,89,4.6
1712076686080,89,4.1
1712076687094,89,4.4
1712076688069,88,5.3
1712076689095,88,5.3
1712076690071,87,5.2
1712076691096,88,5.9
1712076692070,88,6.1
1712076693091,89,5.6
1712076694071,89,5.6
1712076695087,89,5.5
1712076696118,89,5.4
1712076697087,88,5.3
1712076698063,88,5.3
1712076699088,89,6.2
1712076700070,90,6.8
1712076701087,91,7.0
1712076702069,92,7.0
1712076703081,92,7.0
1712076704062,92,7.3
1712076705084,92,7.3
1712076706065,92,7.1
1712076707083,92,6.5
1712076708060,92,6.5
1712076709136,92,6.4
1712076710062,92,5.9
1712076711081,92,5.5
1712076712056,93,5.6
1712076713085,93,5.8
1712076714057,93,5.9
1712076715083,92,5.8
1712076716059,91,7.2
1712076717077,90,7.2
1712076718105,89,6.5
1712076719077,88,6.3
1712076720095,88,5.7
1712076721080,88,5.9
1712076722103,88,5.9
1712076723067,88,5.9
1712076724097,87,5.6
1712076725073,87,5.7
1712076726095,87,5.7
1712076727071,87,5.9
1712076728137,87,5.8
1712076729127,86,6.2
1712076730094,87,6.4
1712076731068,87,6.4
1712076732139,87,6.5
1712076733071,87,6.4
1712076734092,86,6.5
1712076735067,86,6.5
1712076736092,87,6.3
1712076737115,88,6.3
1712076738089,87,7.0
1712076739062,87,7.1
1712076740091,86,8.4
1712076741064,86,8.2
1712076742083,87,10.3
1712076743063,87,10.2
1712076744132,88,10.3
1712076745059,88,10.3
1712076746084,90,10.4
1712076747112,90,10.4
1712076748135,92,11.0
1712076749063,94,11.0
1712076750089,96,11.1
1712076751060,100,11.5
1712076752079,101,11.6
1712076753059,104,11.7
1712076754080,107,11.0
1712076755057,109,11.1
1712076756079,111,10.6
1712076757054,113,9.5
1712076758077,114,8.4
1712076759104,112,8.6
1712076760077,110,12.1
1712076761103,106,12.4
1712076762075,99,15.5
1712076763095,96,18.1
1712076764126,92,18.1
1712076765095,89,18.5
1712076766072,87,18.1
1712076767140,86,18.0
1712076768075,86,18.7
1712076769094,87,19.7
1712076770217,88,19.7
1712076771089,90,19.7
1712076772065,91,19.7
1712076773089,91,19.7
1712076774071,91,19.8
1712076775095,91,19.8
1712076776117,90,19.8
1712076777134,90,19.9
1712076778068,91,20.1
1712076779085,92,17.7
1712076780109,92,17.6
1712076781089,93,14.8
1712076782064,93,11.4
1712076783089,93,11.4
1712076784063,93,10.7
1712076785081,94,10.8
1712076786065,94,10.5
1712076787091,95,9.2
1712076788063,95,5.7
1712076789084,96,5.8
1712076790057,96,5.8
1712076791083,97,5.9
1712076792057,98,5.4
1712076793134,98,5.5
1712076794052,99,5.2
1712076795079,99,4.9
1712076796101,98,4.4
1712076797077,97,4.1
1712076798053,97,4.1
1712076799083,97,4.3
1712076800057,98,4.6
1712076801076,99,4.5
1712076802099,100,4.6
1712076803075,101,4.6
1712076804097,102,4.7
1712076805073,102,4.7
1712076806097,102,4.9
1712076807078,101,5.1
1712076808092,101,5.1
1712076809065,101,4.9
1712076810188,101,5.6
1712076811118,103,5.7
1712076812137,104,6.0
1712076813123,105,5.7
1712076814089,105,5.6
1712076815120,104,6.2
1712076816089,104,6.2
1712076817070,103,6.1
1712076818139,102,6.1
1712076819069,102,6.2
1712076820086,102,6.0
1712076821061,103,6.7
1712076822134,104,6.7
1712076823069,105,6.0
1712076824083,106,6.3
1712076825064,107,6.2
1712076826083,106,6.5
1712076827067,106,5.8
1712076828084,106,5.8
1712076829108,107,5.6
1712076830086,107,5.6
1712076831057,106,5.0
1712076832078,106,5.1
1712076833059,105,4.9
1712076834085,105,4.7
1712076835059,106,5.4
1712076836077,107,5.4
1712076837055,108,5.4
1712076838089,107,5.0
1712076839059,106,5.1
1712076840070,106,5.1
1712076841052,106,4.7
1712076842072,105,4.6
1712076843095,105,4.3
1712076844127,105,4.3
1712076845097,106,4.3
1712076846073,106,4.2
1712076847095,106,4.0
1712076848072,106,3.9
1712076849094,105,4.0
1712076850073,104,4.3
1712076851097,104,3.9
1712076852067,103,3.3
1712076853093,104,3.4
1712076854067,104,2.7
1712076855091,104,2.6
1712076856116,104,2.6
1712076857097,104,2.8
1712076858158,103,2.9
1712076859086,103,2.9
1712076860113,102,3.0
1712076861084,102,2.9
1712076862067,102,3.6
1712076863086,103,3.7
1712076864061,104,4.2
1712076865086,105,4.2
1712076866111,105,4.0
1712076867080,105,3.9
1712076868065,104,4.1
1712076869081,104,4.0
1712076870160,104,3.9
1712076871081,104,3.9
1712076872056,104,3.9
1712076873081,104,3.7
1712076874056,104,3.7
1712076875079,104,3.7
1712076876057,105,3.9
1712076877125,105,3.9
1712076878054,106,3.4
1712076879132,106,3.4
1712076880057,107,2.6
1712076881085,106,3.1
1712076882097,105,3.3
1712076883075,104,3.5
1712076884103,103,3.7
1712076885073,102,3.6
1712076886144,101,3.7
1712076887078,100,3.9
1712076888095,99,4.0
1712076889073,100,4.5
1712076890094,101,4.5
1712076891076,102,4.7
1712076892137,102,4.7
1712076893069,102,4.4
1712076894093,103,4.4
1712076895117,103,4.4
1712076896089,103,4.4
1712076897075,104,4.4
1712076898184,104,4.2
1712076899063,104,4.0
1712076900083,105,3.9
1712076901065,105,3.7
1712076902085,104,3.9
1712076903212,104,3.9
1712076904134,103,3.7
1712076905111,102,3.9
1712076906081,102,3.8
1712076907057,101,3.7
1712076908085,101,3.4
1712076909063,102,3.9
1712076910131,102,3.9
1712076911111,102,3.9
1712076912080,102,3.9
1712076913057,102,4.0
1712076914077,101,4.1
1712076915061,101,4.1
1712076916128,100,4.2
1712076917101,100,4.1
1712076918124,100,4.1
1712076919054,100,4.1
1712076920076,100,3.9
1712076921104,100,3.9
1712076922076,100,4.1
1712076923052,101,4.0
1712076924073,103,4.2
1712076925049,104,4.2
1712076926072,104,3.9
1712076927100,104,4.1
1712076928078,104,4.3
1712076929089,103,5.1
1712076930075,102,5.0
1712076931092,101,5.0
1712076932065,101,4.9
1712076933095,101,5.3
1712076934117,102,5.3
1712076935091,103,5.6
1712076936076,103,5.6
1712076937089,104,5.7
1712076938080,104,5.7
1712076939096,105,5.5
1712076940062,104,5.4
1712076941086,102,7.4
1712076942062,97,12.5
1712076943085,95,12.5
1712076944109,95,12.6
1712076945085,94,12.5
1712076946062,93,12.5
1712076947081,94,12.7
1712076948057,94,13.0
1712076949081,95,13.0
1712076950057,95,13.0
1712076951093,96,13.0
1712076952052,96,13.0
1712076953080,94,14.7
1712076954051,92,15.7
1712076955129,91,15.7
1712076956055,90,15.8
1712076957078,91,17.1
1712076958059,92,17.2
1712076959078,93,17.2
1712076960047,95,13.0
1712076961126,95,13.0
1712076962054,95,12.9
1712076963078,95,13.0
1712076964053,95,13.0
1712076965073,96,13.0
1712076966100,97,12.2
1712076967073,97,12.2
1712076968097,98,12.2
1712076969169,98,12.1
1712076970142,98,12.1
1712076971070,98,10.0
1712076972187,98,7.9
1712076973065,97,9.7
1712076974092,96,9.5
1712076975070,95,7.1
1712076976088,94,7.1
1712076977121,94,6.4
1712076978091,94,6.6
1712076979071,94,6.5
1712076980083,94,6.4
1712076981065,94,6.4
1712076982089,94,6.3
1712076983120,94,6.4
1712076984083,93,6.2
1712076985111,93,6.2
1712076986081,93,6.2
1712076987059,93,6.2
1712076988089,93,6.2
1712076989062,94,6.2
1712076990131,94,6.2
1712076991059,93,6.5
1712076992127,93,3.8
1712076993065,92,3.6
1712076994081,92,3.6
1712076995055,92,3.6
1712076996088,92,3.6
1712076997059,93,4.7
1712076998079,94,4.7
1712076999145,94,4.7
1712077000078,93,5.4
1712077001049,93,5.4
1712077002081,93,5.3
1712077003049,93,5.2
1712077004073,93,5.8
1712077005049,94,5.9
1712077006075,94,5.9
1712077007095,95,5.8
1712077008072,95,5.8
1712077009097,95,5.5
1712077010071,95,5.3
1712077011141,96,5.4
1712077012118,97,6.4
1712077013094,99,6.4
1712077014069,99,6.4
1712077015092,99,5.7
1712077016065,99,5.8
1712077017089,98,6.0
1712077018121,97,5.5
1712077019086,97,5.5
1712077020059,96,5.8
1712077021139,96,5.8
1712077022065,95,5.3
1712077023086,96,5.5
1712077024061,96,5.5
1712077025133,97,5.5
1712077026060,97,5.5
1712077027085,96,6.5
1712077028065,95,6.6
1712077029079,94,6.4
1712077030105,94,6.2
1712077031081,94,6.2
1712077032059,95,6.2
1712077033086,96,7.6
1712077034060,97,7.5
1712077035085,97,7.4
1712077036053,97,7.4
1712077037083,97,7.4
1712077038055,97,7.3
1712077039077,96,7.3
1712077040103,96,7.2
1712077041077,96,7.2
1712077042056,96,7.1
1712077043075,96,7.3
1712077044100,97,7.3
1712077045079,97,6.6
1712077046053,97,6.6
1712077047073,96,6.6
1712077048093,97,6.2
1712077049072,99,6.7
1712077050088,99,6.7
1712077051073,101,5.2
1712077052097,102,5.2
1712077053317,103,5.1
1712077054089,104,5.0
1712077055065,105,5.2
1712077056097,106,5.2
1712077057071,108,5.2
1712077058136,109,5.2
1712077059065,110,5.3
1712077060088,112,5.2
1712077061068,113,5.1
1712077062085,111,7.3
1712077063115,109,7.7
1712077064081,107,7.7
1712077065063,104,8.7
1712077066081,101,10.3
1712077067152,98,10.2
1712077068080,96,10.2
1712077069065,95,10.3
1712077070081,95,11.1
1712077071057,95,11.2
1712077072081,96,11.2
1712077073057,98,11.4
1712077074085,98,11.3
1712077075060,99,11.4
1712077076080,101,11.4
1712077077150,103,11.5
1712077078078,104,11.5
1712077079053,105,11.5
1712077080070,107,10.1
1712077081056,108,10.1
1712077082174,110,9.0
1712077083049,112,6.7
1712077084077,113,6.7
1712077085052,115,6.6
1712077086078,115,5.1
1712077087059,116,4.6
1712077088073,117,4.6
1712077089094,118,4.3
1712077090071,119,4.1
1712077091097,119,3.9
1712077092123,120,3.2
1712077093092,120,3.2
1712077094068,121,3.0
1712077095093,121,2.4
1712077096121,122,2.2
1712077097088,122,1.9
1712077098065,122,1.7
1712077099133,122,1.4
1712077100065,122,1.4
1712077101091,122,1.4
1712077102067,122,1.3
1712077103085,122,1.2
1712077104119,122,1.1
1712077105134,122,1.0
1712077106060,123,1.3
1712077107084,124,1.5
1712077108057,124,1.4
1712077109083,125,1.6
1712077110062,126,1.6
1712077111081,127,1.7
1712077112057,127,1.8
1712077113081,128,1.8
1712077114057,128,1.8
1712077115181,128,1.7
1712077116107,127,1.8
1712077117080,127,1.8
1712077118062,127,1.8
1712077119077,127,1.8
1712077120062,128,1.6
1712077121077,128,1.5
1712077122051,128,1.5
1712077123088,128,1.2
1712077124053,128,1.2
1712077125120,128,1.0
1712077126104,128,0.9
1712077127072,128,0.9
1712077128097,128,0.9
1712077129124,128,0.9
1712077130137,128,0.9
1712077131071,129,0.8
1712077132092,129,1.0
1712077133071,129,1.0
1712077134094,130,1.2
1712077135069,130,1.2
1712077136092,131,1.2
1712077137073,131,1.2
1712077138091,131,1.2
1712077139068,131,1.2
1712077140086,131,1.2
1712077141065,131,1.2
1712077142086,131,1.2
1712077143067,132,1.4
1712077144089,132,1.4
1712077145069,132,1.3
1712077146085,132,1.3
1712077147113,132,1.1
1712077148134,132,1.2
1712077149057,133,1.2
1712077150083,133,1.2
1712077151060,133,1.2
1712077152079,134,1.3
1712077153064,134,1.3
1712077154083,134,1.3
1712077155055,133,1.3
1712077156087,133,1.4
1712077157054,133,1.4
1712077158126,132,1.2
1712077159102,132,1.2
1712077160078,132,1.2
1712077161057,132,1.1
1712077162076,132,1.1
1712077163056,132,1.1
1712077164121,132,1.1
1712077165051,132,1.1
1712077166073,131,1.1
1712077167055,131,1.1
1712077168070,131,1.1
1712077169051,131,0.9
1712077170073,132,1.1
1712077171094,132,1.1
1712077172077,132,1.1
1712077173140,132,1.1
1712077174077,133,1.1
1712077175091,133,1.0
1712077176072,133,1.2
1712077177093,132,1.3
1712077178071,132,1.3
1712077179093,131,1.2
1712077180113,131,1.3
1712077181087,131,1.4
1712077182119,131,1.4
1712077183085,131,1.4
1712077184067,131,1.3
1712077185133,131,1.3
1712077186061,131,1.4
1712077187085,131,1.4
1712077188062,131,1.4
1712077189081,132,1.3
1712077190105,132,1.2
1712077191080,132,1.3
1712077192105,131,1.4
1712077193083,131,1.3
1712077194059,131,1.2
1712077195081,130,1.3
1712077196061,130,1.2
1712077197081,130,1.3
1712077198052,129,1.3
1712077199078,129,1.2
1712077200053,129,1.4
1712077201075,129,1.4
1712077202062,128,1.3
1712077203076,128,1.3
1712077204049,128,1.3
1712077205080,128,1.2
1712077206051,128,1.2
1712077207077,128,1.1
1712077208049,128,1.2
1712077209167,127,1.2
1712077210053,127,1.4
1712077211072,126,1.4
1712077212093,125,2.3
1712077213115,122,2.6
1712077214055,122,2.6
1712077215067,123,2.9
1712077216092,122,2.9
1712077217071,121,4.0
1712077218088,120,4.0
1712077219062,119,4.0
1712077220089,117,5.8
1712077221067,115,5.8
1712077222088,114,6.0
1712077223061,111,6.2
1712077224087,109,6.2
1712077225110,109,6.2
1712077226081,108,6.2
1712077227057,107,6.2
1712077228088,107,5.9
1712077229062,106,5.9
1712077230089,102,8.8
1712077231060,101,8.7
1712077232129,100,8.7
1712077233116,101,8.3
1712077234086,102,8.5
1712077235205,102,9.0
1712077236079,103,9.1
1712077237104,105,8.0
1712077238073,105,8.1
1712077239060,106,7.9
1712077240123,108,7.9
1712077241053,108,7.9
1712077242076,106,8.3
1712077243057,106,8.8
1712077244075,105,8.8
1712077245053,102,8.9
1712077246075,101,6.4
1712077247097,101,6.4
1712077248072,100,6.8
1712077249049,100,7.0
1712077250068,99,7.4
1712077251103,99,7.6
1712077252073,98,8.8
1712077253095,97,9.3
1712077254068,97,9.4
1712077255187,96,9.3
1712077256068,96,9.4
1712077257089,95,10.1
1712077258120,94,10.0
1712077259089,94,10.0
1712077260062,94,9.7
1712077261088,94,9.5
1712077262078,94,9.4
1712077263086,94,9.2
1712077264067,92,10.2
1712077265081,92,10.0
1712077266067,92,10.3
1712077267086,92,10.3
1712077268061,92,10.3
1712077269081,93,9.9
1712077270064,93,10.0
1712077271086,92,9.0
1712077272052,92,7.9
1712077273129,92,7.8
1712077274059,90,8.7
1712077275080,90,8.6
1712077276056,90,8.2
1712077277079,90,8.1
1712077278063,91,8.2
1712077279078,91,8.2
1712077280057,89,10.0
1712077281173,89,9.9
1712077282054,88,10.0
1712077283080,88,9.0
1712077284102,88,9.0
1712077285127,88,8.5
1712077286145,88,8.4
1712077287164,88,8.5
1712077288046,88,8.3
1712077289121,89,9.1
1712077290048,89,8.6
1712077291077,90,8.7
1712077292100,91,8.7
1712077293117,91,7.8
1712077294094,91,7.9
1712077295067,91,7.8
1712077296094,91,7.7
1712077297065,91,7.6
1712077298141,92,7.7
1712077299069,92,6.1
1712077300086,91,4.8
1712077301065,92,4.8
1712077302086,92,4.7
1712077303063,91,4.7
1712077304089,90,5.2
1712077305062,90,5.2
1712077306132,91,5.2
1712077307061,91,5.2
1712077308081,91,5.8
1712077309110,91,6.6
1712077310128,91,6.6
1712077311068,91,7.5
1712077312083,91,7.7
1712077313057,91,7.7
1712077314079,91,7.7
1712077315055,91,7.7
1712077316078,91,7.8
1712077317059,91,7.8
1712077318080,91,7.8
1712077319108,91,8.0
1712077320073,90,8.0
1712077321151,90,8.2
1712077322072,91,8.2
1712077323052,90,7.9
1712077324128,91,7.9
1712077325103,91,7.9
1712077326075,91,7.9
1712077327059,91,6.9
1712077328169,93,8.0
1712077329049,96,8.7
1712077330125,99,8.9
1712077331094,101,9.0
1712077332113,104,9.0
1712077333045,107,9.0
1712077334117,109,9.0
1712077335101,111,9.1
1712077336072,113,9.0
1712077337092,115,8.9
1712077338073,117,8.9
1712077339137,119,8.9
1712077340118,120,8.9
1712077341093,119,9.4
1712077342067,118,9.2
1712077343087,117,9.1
1712077344063,111,11.2
1712077345081,109,11.5
1712077346113,105,11.1
1712077347083,103,11.0
1712077348061,102,11.3
1712077349086,102,11.2
1712077350110,104,11.7
1712077351084,105,11.7
1712077352067,107,11.6
1712077353081,108,11.6
1712077354057,110,11.7
1712077355079,111,11.7
1712077356056,113,11.8
1712077357081,115,11.4
1712077358101,116,11.5
1712077359077,118,10.1
1712077360100,120,5.9
1712077361078,121,6.0
1712077362056,123,6.0
1712077363078,125,5.5
1712077364057,127,4.3
1712077365169,128,4.4
1712077366055,129,4.3
1712077367121,130,4.2
1712077368054,132,3.6
1712077369121,133,3.6
1712077370095,134,3.4
1712077371075,135,2.9
1712077372048,136,2.7
1712077373119,137,2.6
1712077374046,138,2.4
1712077375077,139,2.2
1712077376093,139,1.9
1712077377070,139,1.9
1712077378092,140,1.5
1712077379119,140,1.5
1712077380086,141,1.4
1712077381065,141,1.3
1712077382089,141,1.2
1712077383070,142,1.2
1712077384083,142,1.1
1712077385062,143,1.0
1712077386135,143,1.0
1712077387067,144,1.0
1712077388139,145,1.1
1712077389063,145,1.1
1712077390086,147,1.1
1712077391065,147,1.2
1712077392133,148,1.2
1712077393060,149,1.2
1712077394081,149,1.3
1712077395112,150,1.3
1712077396131,151,1.2
1712077397057,151,1.2
1712077398129,152,1.4
1712077399056,152,1.4
1712077400081,152,1.3
1712077401053,153,1.3
1712077402078,153,1.3
1712077403111,153,1.2
1712077404075,153,1.1
1712077405052,153,1.1
1712077406123,153,1.1
1712077407103,154,1.1
1712077408073,154,1.1
1712077409097,155,1.1
1712077410073,155,0.9
1712077411051,156,1.0
1712077412068,156,0.9
1712077413047,157,0.9
1712077414071,157,0.9
1712077415049,157,1.2
1712077416070,157,1.3
1712077417185,158,1.3
1712077418070,158,1.3
1712077419092,158,1.3
1712077420057,158,1.3
1712077421132,158,1.3
1712077422065,158,1.2
1712077423190,158,1.2
1712077424069,158,1.2
1712077425137,158,1.2
1712077426068,158,1.1
1712077427087,158,0.9
1712077428068,158,0.9
1712077429084,158,0.8
1712077430062,158,0.8
1712077431087,158,0.7
1712077432061,159,0.8
1712077433081,159,0.8
1712077434065,159,0.8
1712077435075,160,0.7
1712077436105,160,0.8
1712077437081,161,0.7
1712077438061,161,0.7
1712077439131,161,0.6
1712077440097,162,0.7
1712077441128,162,0.7
1712077442055,163,0.7
1712077443079,163,0.7
1712077444057,163,0.7
1712077445078,163,0.7
1712077446059,163,0.8
1712077447080,163,0.7
1712077448049,163,0.7
1712077449073,163,0.8
1712077450055,164,0.7
1712077451073,164,0.7
1712077452049,164,0.7
1712077453075,164,1.0
1712077454047,164,1.2
1712077455075,165,1.2
1712077456049,165,1.1
1712077457076,165,1.1
1712077458043,166,1.1
1712077459075,166,1.1
1712077460094,166,1.2
1712077461067,166,1.2
1712077462086,165,1.2
1712077463073,165,1.2
1712077464086,165,0.8
1712077465065,165,1.0
1712077466088,166,1.0
1712077467113,166,1.0
1712077468087,166,1.1
1712077469063,166,1.1
1712077470086,165,1.0
1712077471067,165,1.0
1712077472084,164,1.1
1712077473109,164,1.1
1712077474088,164,1.1
1712077475059,163,1.1
1712077476081,163,0.9
1712077477057,163,0.9
1712077478131,164,0.9
1712077479062,164,0.8
1712077480080,164,0.8
1712077481054,164,0.8
1712077482079,164,0.7
1712077483056,164,0.6
1712077484173,163,0.6
1712077485053,163,0.6
1712077486076,162,0.7
1712077487201,161,0.7
1712077488073,160,0.8
1712077489057,160,0.8
1712077490073,159,0.8
1712077491048,159,0.8
1712077492121,158,0.8
1712077493044,158,0.8
1712077494073,158,0.8
1712077495040,158,0.8
1712077496118,158,0.7
1712077497055,157,0.9
1712077498068,156,1.0
