value,timestamp
98.0,1712819494000000
98.0,1712819495000000
85.33,1712819496000000
76.5,1712819497000000
73.2,1712819498000000
72.67,1712819499000000
72.43,1712819500000000
72.25,1712819501000000
71.56,1712819502000000
72.2,1712819503000000
72.45,1712819504000000
72.5,1712819505000000
72.46,1712819506000000
72.36,1712819507000000
72.67,1712819508000000
73.75,1712819509000000
74.82,1712819510000000
75.72,1712819511000000
76.63,1712819512000000
77.35,1712819513000000
78.1,1712819514000000
79.5,1712819515000000
78.74,1712819516000000
78.04,1712819517000000
77.4,1712819518000000
76.81,1712819519000000
76.26,1712819520000000
75.75,1712819521000000
75.59,1712819522000000
75.5,1712819523000000
75.48,1712819524000000
75.5,1712819525000000
75.64,1712819526000000
75.82,1712819527000000
75.86,1712819528000000
75.89,1712819529000000
75.92,1712819530000000
75.92,1712819531000000
75.9,1712819532000000
75.85,1712819533000000
75.8,1712819534000000
75.76,1712819535000000
75.72,1712819536000000
75.7,1712819537000000
75.69,1712819538000000
75.67,1712819539000000
75.66,1712819540000000
75.65,1712819541000000
75.63,1712819542000000
75.62,1712819543000000
75.61,1712819544000000
75.58,1712819545000000
75.57,1712819546000000
75.56,1712819547000000
75.53,1712819548000000
75.5,1712819549000000
75.44,1712819550000000
75.36,1712819551000000
75.29,1712819552000000
75.2,1712819553000000
74.68,1712819554000000
74.15,1712819555000000
74.38,1712819556000000
74.82,1712819557000000
75.12,1712819558000000
75.25,1712819559000000
75.42,1712819560000000
75.58,1712819561000000
75.82,1712819562000000
75.88,1712819563000000
76.0,1712819564000000
76.25,1712819565000000
76.48,1712819566000000
76.7,1712819567000000
76.8,1712819568000000
76.68,1712819569000000
76.55,1712819570000000
76.45,1712819571000000
76.23,1712819572000000
76.07,1712819573000000
75.88,1712819574000000
75.43,1712819575000000
75.77,1712819576000000
76.12,1712819577000000
76.43,1712819578000000
76.75,1712819579000000
77.07,1712819580000000
77.4,1712819581000000
77.58,1712819582000000
77.73,1712819583000000
77.85,1712819584000000
77.97,1712819585000000
77.97,1712819586000000
77.88,1712819587000000
77.87,1712819588000000
77.85,1712819589000000
77.82,1712819590000000
77.82,1712819591000000
77.83,1712819592000000
77.88,1712819593000000
77.95,1712819594000000
78.02,1712819595000000
78.13,1712819596000000
78.28,1712819597000000
78.45,1712819598000000
78.5,1712819599000000
78.55,1712819600000000
78.58,1712819601000000
78.63,1712819602000000
78.68,1712819603000000
78.75,1712819604000000
78.8,1712819605000000
78.82,1712819606000000
78.83,1712819607000000
78.85,1712819608000000
78.87,1712819609000000
78.92,1712819610000000
78.98,1712819611000000
79.05,1712819612000000
79.13,1712819613000000
79.25,1712819614000000
79.38,1712819615000000
79.42,1712819616000000
79.37,1712819617000000
79.32,1712819618000000
79.27,1712819619000000
79.18,1712819620000000
79.1,1712819621000000
79.03,1712819622000000
78.93,1712819623000000
78.82,1712819624000000
78.57,1712819625000000
78.35,1712819626000000
78.17,1712819627000000
78.0,1712819628000000
77.83,1712819629000000
77.65,1712819630000000
77.43,1712819631000000
77.3,1712819632000000
77.13,1712819633000000
76.95,1712819634000000
76.75,1712819635000000
76.55,1712819636000000
76.33,1712819637000000
76.15,1712819638000000
75.98,1712819639000000
75.82,1712819640000000
75.65,1712819641000000
75.48,1712819642000000
75.33,1712819643000000
75.18,1712819644000000
75.03,1712819645000000
74.93,1712819646000000
74.88,1712819647000000
74.85,1712819648000000
74.82,1712819649000000
74.8,1712819650000000
74.75,1712819651000000
74.7,1712819652000000
74.63,1712819653000000
74.55,1712819654000000
74.47,1712819655000000
74.33,1712819656000000
74.15,1712819657000000
73.97,1712819658000000
73.9,1712819659000000
73.85,1712819660000000
73.82,1712819661000000
73.78,1712819662000000
73.75,1712819663000000
73.7,1712819664000000
73.68,1712819665000000
73.68,1712819666000000
73.68,1712819667000000
73.72,1712819668000000
73.77,1712819669000000
73.82,1712819670000000
73.9,1712819671000000
73.98,1712819672000000
74.1,1712819673000000
74.23,1712819674000000
74.4,1712819675000000
74.53,1712819676000000
74.72,1712819677000000
74.87,1712819678000000
75.0,1712819679000000
75.12,1712819680000000
75.23,1712819681000000
75.35,1712819682000000
75.47,1712819683000000
75.6,1712819684000000
75.77,1712819685000000
75.95,1712819686000000
76.12,1712819687000000
76.28,1712819688000000
76.45,1712819689000000
76.6,1712819690000000
76.73,1712819691000000
76.87,1712819692000000
77.0,1712819693000000
77.12,1712819694000000
77.25,1712819695000000
77.37,1712819696000000
77.5,1712819697000000
77.62,1712819698000000
77.72,1712819699000000
77.83,1712819700000000
77.93,1712819701000000
78.05,1712819702000000
78.15,1712819703000000
78.27,1712819704000000
78.37,1712819705000000
78.47,1712819706000000
78.57,1712819707000000
78.7,1712819708000000
78.85,1712819709000000
79.03,1712819710000000
79.23,1712819711000000
79.43,1712819712000000
79.62,1712819713000000
79.8,1712819714000000
79.98,1712819715000000
80.15,1712819716000000
80.3,1712819717000000
80.43,1712819718000000
80.52,1712819719000000
80.57,1712819720000000
80.6,1712819721000000
80.58,1712819722000000
80.57,1712819723000000
80.53,1712819724000000
80.5,1712819725000000
80.47,1712819726000000
80.43,1712819727000000
80.38,1712819728000000
80.33,1712819729000000
80.28,1712819730000000
80.22,1712819731000000
80.17,1712819732000000
80.08,1712819733000000
80.0,1712819734000000
79.88,1712819735000000
79.77,1712819736000000
79.67,1712819737000000
79.57,1712819738000000
79.5,1712819739000000
79.43,1712819740000000
79.4,1712819741000000
79.37,1712819742000000
79.33,1712819743000000
79.32,1712819744000000
79.32,1712819745000000
79.3,1712819746000000
79.3,1712819747000000
79.32,1712819748000000
79.33,1712819749000000
79.35,1712819750000000
79.4,1712819751000000
79.43,1712819752000000
79.45,1712819753000000
79.48,1712819754000000
79.5,1712819755000000
79.52,1712819756000000
79.52,1712819757000000
79.52,1712819758000000
79.52,1712819759000000
79.5,1712819760000000
79.48,1712819761000000
79.45,1712819762000000
79.43,1712819763000000
79.4,1712819764000000
79.38,1712819765000000
79.37,1712819766000000
79.35,1712819767000000
79.3,1712819768000000
79.25,1712819769000000
79.17,1712819770000000
79.08,1712819771000000
79.0,1712819772000000
78.93,1712819773000000
78.87,1712819774000000
78.8,1712819775000000
78.75,1712819776000000
78.73,1712819777000000
78.72,1712819778000000
78.77,1712819779000000
78.83,1712819780000000
78.93,1712819781000000
79.07,1712819782000000
79.2,1712819783000000
79.37,1712819784000000
79.52,1712819785000000
79.67,1712819786000000
79.8,1712819787000000
79.93,1712819788000000
80.03,1712819789000000
80.13,1712819790000000
80.22,1712819791000000
80.28,1712819792000000
80.35,1712819793000000
80.42,1712819794000000
80.48,1712819795000000
80.57,1712819796000000
80.63,1712819797000000
80.7,1712819798000000
80.75,1712819799000000
80.8,1712819800000000
80.82,1712819801000000
80.83,1712819802000000
80.85,1712819803000000
80.87,1712819804000000
80.87,1712819805000000
80.87,1712819806000000
80.88,1712819807000000
80.88,1712819808000000
80.88,1712819809000000
80.92,1712819810000000
80.95,1712819811000000
81.02,1712819812000000
81.12,1712819813000000
81.23,1712819814000000
81.35,1712819815000000
81.5,1712819816000000
81.65,1712819817000000
81.83,1712819818000000
82.02,1712819819000000
82.2,1712819820000000
82.37,1712819821000000
82.53,1712819822000000
82.67,1712819823000000
82.78,1712819824000000
82.88,1712819825000000
82.97,1712819826000000
83.05,1712819827000000
83.12,1712819828000000
83.17,1712819829000000
83.2,1712819830000000
83.23,1712819831000000
83.28,1712819832000000
83.33,1712819833000000
83.38,1712819834000000
83.43,1712819835000000
83.5,1712819836000000
83.55,1712819837000000
83.6,1712819838000000
83.62,1712819839000000
83.63,1712819840000000
83.65,1712819841000000
83.67,1712819842000000
83.72,1712819843000000
83.75,1712819844000000
83.82,1712819845000000
83.9,1712819846000000
84.0,1712819847000000
84.13,1712819848000000
84.28,1712819849000000
84.43,1712819850000000
84.58,1712819851000000
84.73,1712819852000000
84.9,1712819853000000
85.07,1712819854000000
85.23,1712819855000000
85.38,1712819856000000
85.52,1712819857000000
85.7,1712819858000000
85.87,1712819859000000
86.0,1712819860000000
86.1,1712819861000000
86.05,1712819862000000
85.97,1712819863000000
85.85,1712819864000000
85.73,1712819865000000
85.6,1712819866000000
85.43,1712819867000000
85.27,1712819868000000
85.1,1712819869000000
84.92,1712819870000000
84.72,1712819871000000
84.5,1712819872000000
84.28,1712819873000000
84.05,1712819874000000
83.83,1712819875000000
83.6,1712819876000000
83.37,1712819877000000
83.13,1712819878000000
82.92,1712819879000000
82.72,1712819880000000
82.53,1712819881000000
82.35,1712819882000000
82.18,1712819883000000
82.03,1712819884000000
81.88,1712819885000000
81.75,1712819886000000
81.62,1712819887000000
81.5,1712819888000000
81.42,1712819889000000
81.35,1712819890000000
81.3,1712819891000000
81.25,1712819892000000
81.2,1712819893000000
81.17,1712819894000000
81.15,1712819895000000
81.13,1712819896000000
81.12,1712819897000000
81.08,1712819898000000
81.07,1712819899000000
81.05,1712819900000000
81.02,1712819901000000
80.98,1712819902000000
80.92,1712819903000000
80.85,1712819904000000
80.75,1712819905000000
80.63,1712819906000000
80.52,1712819907000000
80.35,1712819908000000
80.18,1712819909000000
80.02,1712819910000000
79.87,1712819911000000
79.7,1712819912000000
79.53,1712819913000000
79.37,1712819914000000
79.2,1712819915000000
79.03,1712819916000000
78.9,1712819917000000
78.73,1712819918000000
78.58,1712819919000000
78.47,1712819920000000
78.4,1712819921000000
78.48,1712819922000000
78.6,1712819923000000
78.75,1712819924000000
78.92,1712819925000000
79.12,1712819926000000
79.33,1712819927000000
79.57,1712819928000000
79.8,1712819929000000
80.02,1712819930000000
80.25,1712819931000000
80.48,1712819932000000
80.68,1712819933000000
80.88,1712819934000000
81.07,1712819935000000
81.23,1712819936000000
81.38,1712819937000000
81.52,1712819938000000
81.62,1712819939000000
81.7,1712819940000000
81.78,1712819941000000
81.88,1712819942000000
81.98,1712819943000000
82.12,1712819944000000
82.28,1712819945000000
82.47,1712819946000000
82.65,1712819947000000
82.85,1712819948000000
83.03,1712819949000000
83.22,1712819950000000
83.38,1712819951000000
83.55,1712819952000000
83.7,1712819953000000
83.85,1712819954000000
83.98,1712819955000000
84.1,1712819956000000
84.22,1712819957000000
84.35,1712819958000000
84.48,1712819959000000
84.62,1712819960000000
84.75,1712819961000000
84.88,1712819962000000
85.0,1712819963000000
85.1,1712819964000000
85.2,1712819965000000
85.3,1712819966000000
85.38,1712819967000000
85.43,1712819968000000
85.47,1712819969000000
85.48,1712819970000000
85.45,1712819971000000
85.42,1712819972000000
85.37,1712819973000000
85.3,1712819974000000
85.22,1712819975000000
85.12,1712819976000000
85.0,1712819977000000
84.87,1712819978000000
84.73,1712819979000000
84.6,1712819980000000
84.45,1712819981000000
84.3,1712819982000000
84.17,1712819983000000
84.02,1712819984000000
83.87,1712819985000000
83.73,1712819986000000
83.6,1712819987000000
83.47,1712819988000000
83.35,1712819989000000
83.25,1712819990000000
83.15,1712819991000000
83.05,1712819992000000
82.97,1712819993000000
82.88,1712819994000000
82.82,1712819995000000
82.77,1712819996000000
82.75,1712819997000000
82.73,1712819998000000
82.73,1712819999000000
82.73,1712820000000000
82.75,1712820001000000
82.75,1712820002000000
82.77,1712820003000000
82.78,1712820004000000
82.77,1712820005000000
82.75,1712820006000000
82.73,1712820007000000
82.72,1712820008000000
82.68,1712820009000000
82.65,1712820010000000
82.62,1712820011000000
82.58,1712820012000000
82.57,1712820013000000
82.53,1712820014000000
82.5,1712820015000000
82.45,1712820016000000
82.4,1712820017000000
82.35,1712820018000000
82.32,1712820019000000
82.3,1712820020000000
82.3,1712820021000000
82.28,1712820022000000
82.28,1712820023000000
82.27,1712820024000000
82.27,1712820025000000
82.25,1712820026000000
82.23,1712820027000000
82.27,1712820028000000
82.3,1712820029000000
82.32,1712820030000000
82.37,1712820031000000
82.43,1712820032000000
82.5,1712820033000000
82.58,1712820034000000
82.68,1712820035000000
82.82,1712820036000000
82.95,1712820037000000
83.08,1712820038000000
83.23,1712820039000000
83.4,1712820040000000
83.58,1712820041000000
83.77,1712820042000000
83.93,1712820043000000
84.12,1712820044000000
84.28,1712820045000000
84.43,1712820046000000
84.58,1712820047000000
84.72,1712820048000000
84.83,1712820049000000
84.97,1712820050000000
85.1,1712820051000000
85.27,1712820052000000
85.43,1712820053000000
85.62,1712820054000000
85.82,1712820055000000
86.02,1712820056000000
86.18,1712820057000000
86.33,1712820058000000
86.47,1712820059000000
86.6,1712820060000000
86.7,1712820061000000
86.8,1712820062000000
86.88,1712820063000000
86.93,1712820064000000
86.98,1712820065000000
87.0,1712820066000000
87.02,1712820067000000
86.98,1712820068000000
86.95,1712820069000000
86.9,1712820070000000
86.83,1712820071000000
86.75,1712820072000000
86.65,1712820073000000
86.53,1712820074000000
86.42,1712820075000000
86.32,1712820076000000
86.22,1712820077000000
86.12,1712820078000000
86.0,1712820079000000
85.83,1712820080000000
85.63,1712820081000000
85.45,1712820082000000
85.25,1712820083000000
85.1,1712820084000000
84.93,1712820085000000
84.78,1712820086000000
84.67,1712820087000000
84.55,1712820088000000
84.45,1712820089000000
84.4,1712820090000000
84.37,1712820091000000
84.35,1712820092000000
84.33,1712820093000000
84.32,1712820094000000
84.3,1712820095000000
84.27,1712820096000000
84.25,1712820097000000
84.23,1712820098000000
84.22,1712820099000000
84.2,1712820100000000
84.17,1712820101000000
84.12,1712820102000000
84.07,1712820103000000
84.02,1712820104000000
83.95,1712820105000000
83.87,1712820106000000
83.77,1712820107000000
83.67,1712820108000000
83.55,1712820109000000
83.42,1712820110000000
83.28,1712820111000000
83.12,1712820112000000
83.0,1712820113000000
82.88,1712820114000000
82.78,1712820115000000
82.7,1712820116000000
82.67,1712820117000000
82.67,1712820118000000
82.68,1712820119000000
82.72,1712820120000000
82.77,1712820121000000
82.82,1712820122000000
82.87,1712820123000000
82.9,1712820124000000
82.92,1712820125000000
82.92,1712820126000000
82.92,1712820127000000
82.93,1712820128000000
82.95,1712820129000000
83.0,1712820130000000
83.05,1712820131000000
83.12,1712820132000000
83.2,1712820133000000
83.33,1712820134000000
83.47,1712820135000000
83.62,1712820136000000
83.77,1712820137000000
83.93,1712820138000000
84.1,1712820139000000
84.32,1712820140000000
84.57,1712820141000000
84.83,1712820142000000
85.13,1712820143000000
85.4,1712820144000000
85.7,1712820145000000
86.03,1712820146000000
86.37,1712820147000000
86.73,1712820148000000
87.23,1712820149000000
87.73,1712820150000000
88.23,1712820151000000
88.73,1712820152000000
89.25,1712820153000000
89.78,1712820154000000
90.33,1712820155000000
90.9,1712820156000000
91.45,1712820157000000
92.02,1712820158000000
92.57,1712820159000000
93.1,1712820160000000
93.65,1712820161000000
94.22,1712820162000000
94.78,1712820163000000
95.35,1712820164000000
95.93,1712820165000000
96.53,1712820166000000
97.15,1712820167000000
97.77,1712820168000000
98.38,1712820169000000
99.0,1712820170000000
99.6,1712820171000000
100.2,1712820172000000
100.77,1712820173000000
101.32,1712820174000000
101.83,1712820175000000
102.33,1712820176000000
102.8,1712820177000000
103.25,1712820178000000
103.68,1712820179000000
104.08,1712820180000000
104.48,1712820181000000
104.87,1712820182000000
105.23,1712820183000000
105.58,1712820184000000
105.93,1712820185000000
106.28,1712820186000000
106.62,1712820187000000
106.95,1712820188000000
107.27,1712820189000000
107.57,1712820190000000
107.88,1712820191000000
108.17,1712820192000000
108.45,1712820193000000
108.7,1712820194000000
108.95,1712820195000000
109.17,1712820196000000
109.38,1712820197000000
109.58,1712820198000000
109.78,1712820199000000
109.97,1712820200000000
110.13,1712820201000000
110.27,1712820202000000
110.38,1712820203000000
110.5,1712820204000000
110.58,1712820205000000
110.63,1712820206000000
110.67,1712820207000000
110.68,1712820208000000
110.58,1712820209000000
110.5,1712820210000000
110.4,1712820211000000
110.28,1712820212000000
110.15,1712820213000000
109.95,1712820214000000
109.68,1712820215000000
109.38,1712820216000000
109.08,1712820217000000
108.77,1712820218000000
108.47,1712820219000000
108.17,1712820220000000
107.85,1712820221000000
107.53,1712820222000000
107.2,1712820223000000
106.83,1712820224000000
106.47,1712820225000000
106.07,1712820226000000
105.67,1712820227000000
105.28,1712820228000000
104.92,1712820229000000
104.57,1712820230000000
104.23,1712820231000000
103.9,1712820232000000
103.57,1712820233000000
103.23,1712820234000000
102.9,1712820235000000
102.55,1712820236000000
102.2,1712820237000000
101.83,1712820238000000
101.48,1712820239000000
101.13,1712820240000000
100.77,1712820241000000
100.42,1712820242000000
100.07,1712820243000000
99.73,1712820244000000
99.42,1712820245000000
99.13,1712820246000000
98.87,1712820247000000
98.63,1712820248000000
98.42,1712820249000000
98.2,1712820250000000
98.0,1712820251000000
97.82,1712820252000000
97.65,1712820253000000
97.48,1712820254000000
97.33,1712820255000000
97.2,1712820256000000
97.07,1712820257000000
96.93,1712820258000000
96.8,1712820259000000
96.67,1712820260000000
96.53,1712820261000000
96.43,1712820262000000
96.35,1712820263000000
96.28,1712820264000000
96.23,1712820265000000
96.18,1712820266000000
96.1,1712820267000000
95.98,1712820268000000
95.83,1712820269000000
95.65,1712820270000000
95.47,1712820271000000
95.3,1712820272000000
95.15,1712820273000000
95.07,1712820274000000
95.07,1712820275000000
95.1,1712820276000000
95.15,1712820277000000
95.2,1712820278000000
95.23,1712820279000000
95.27,1712820280000000
95.28,1712820281000000
95.3,1712820282000000
95.32,1712820283000000
95.35,1712820284000000
95.38,1712820285000000
95.43,1712820286000000
95.47,1712820287000000
95.45,1712820288000000
95.37,1712820289000000
95.25,1712820290000000
95.12,1712820291000000
94.98,1712820292000000
94.83,1712820293000000
94.68,1712820294000000
94.53,1712820295000000
94.43,1712820296000000
94.32,1712820297000000
94.27,1712820298000000
94.22,1712820299000000
94.2,1712820300000000
94.2,1712820301000000
94.18,1712820302000000
94.17,1712820303000000
94.15,1712820304000000
94.13,1712820305000000
94.1,1712820306000000
94.03,1712820307000000
93.93,1712820308000000
93.82,1712820309000000
93.68,1712820310000000
93.53,1712820311000000
93.38,1712820312000000
93.18,1712820313000000
92.97,1712820314000000
92.73,1712820315000000
92.52,1712820316000000
92.35,1712820317000000
92.23,1712820318000000
92.12,1712820319000000
92.0,1712820320000000
91.88,1712820321000000
91.73,1712820322000000
91.55,1712820323000000
91.37,1712820324000000
91.15,1712820325000000
90.9,1712820326000000
90.65,1712820327000000
90.42,1712820328000000
90.2,1712820329000000
89.98,1712820330000000
89.77,1712820331000000
89.53,1712820332000000
89.28,1712820333000000
89.05,1712820334000000
88.82,1712820335000000
88.58,1712820336000000
88.27,1712820337000000
87.9,1712820338000000
87.55,1712820339000000
87.25,1712820340000000
87.02,1712820341000000
86.7,1712820342000000
86.43,1712820343000000
86.15,1712820344000000
85.87,1712820345000000
85.57,1712820346000000
85.45,1712820347000000
85.27,1712820348000000
85.17,1712820349000000
85.15,1712820350000000
85.28,1712820351000000
85.42,1712820352000000
85.55,1712820353000000
85.67,1712820354000000
85.73,1712820355000000
85.77,1712820356000000
85.8,1712820357000000
85.77,1712820358000000
85.75,1712820359000000
85.72,1712820360000000
85.68,1712820361000000
85.67,1712820362000000
85.67,1712820363000000
85.67,1712820364000000
85.67,1712820365000000
85.68,1712820366000000
85.72,1712820367000000
85.78,1712820368000000
85.88,1712820369000000
86.02,1712820370000000
86.15,1712820371000000
86.28,1712820372000000
86.47,1712820373000000
86.65,1712820374000000
86.83,1712820375000000
86.98,1712820376000000
87.08,1712820377000000
87.15,1712820378000000
87.25,1712820379000000
87.38,1712820380000000
87.55,1712820381000000
87.75,1712820382000000
87.97,1712820383000000
88.2,1712820384000000
88.45,1712820385000000
88.72,1712820386000000
89.02,1712820387000000
89.3,1712820388000000
89.57,1712820389000000
89.83,1712820390000000
90.1,1712820391000000
90.35,1712820392000000
90.58,1712820393000000
90.77,1712820394000000
90.88,1712820395000000
90.97,1712820396000000
91.12,1712820397000000
91.27,1712820398000000
91.38,1712820399000000
91.43,1712820400000000
91.4,1712820401000000
91.47,1712820402000000
91.47,1712820403000000
91.47,1712820404000000
91.47,1712820405000000
91.48,1712820406000000
91.35,1712820407000000
91.32,1712820408000000
91.27,1712820409000000
91.17,1712820410000000
90.92,1712820411000000
90.67,1712820412000000
90.43,1712820413000000
90.22,1712820414000000
90.08,1712820415000000
89.98,1712820416000000
89.9,1712820417000000
89.83,1712820418000000
89.73,1712820419000000
89.63,1712820420000000
89.55,1712820421000000
89.48,1712820422000000
89.43,1712820423000000
89.4,1712820424000000
89.37,1712820425000000
89.37,1712820426000000
89.47,1712820427000000
89.6,1712820428000000
89.75,1712820429000000
89.77,1712820430000000
89.78,1712820431000000
89.8,1712820432000000
89.78,1712820433000000
89.75,1712820434000000
89.7,1712820435000000
89.67,1712820436000000
89.57,1712820437000000
89.45,1712820438000000
89.28,1712820439000000
89.08,1712820440000000
88.85,1712820441000000
88.58,1712820442000000
88.3,1712820443000000
87.98,1712820444000000
87.68,1712820445000000
87.38,1712820446000000
87.08,1712820447000000
86.8,1712820448000000
86.53,1712820449000000
86.27,1712820450000000
86.0,1712820451000000
85.75,1712820452000000
85.52,1712820453000000
85.3,1712820454000000
85.12,1712820455000000
84.98,1712820456000000
84.85,1712820457000000
84.77,1712820458000000
84.68,1712820459000000
84.6,1712820460000000
84.55,1712820461000000
84.48,1712820462000000
84.45,1712820463000000
84.42,1712820464000000
84.38,1712820465000000
84.33,1712820466000000
84.27,1712820467000000
84.2,1712820468000000
84.13,1712820469000000
84.05,1712820470000000
83.98,1712820471000000
83.92,1712820472000000
83.85,1712820473000000
83.78,1712820474000000
83.68,1712820475000000
83.55,1712820476000000
83.45,1712820477000000
83.37,1712820478000000
83.3,1712820479000000
83.23,1712820480000000
83.17,1712820481000000
83.1,1712820482000000
83.03,1712820483000000
82.97,1712820484000000
82.9,1712820485000000
82.78,1712820486000000
82.57,1712820487000000
82.28,1712820488000000
81.97,1712820489000000
81.77,1712820490000000
81.55,1712820491000000
81.33,1712820492000000
81.1,1712820493000000
80.9,1712820494000000
80.72,1712820495000000
80.53,1712820496000000
80.42,1712820497000000
80.3,1712820498000000
80.18,1712820499000000
80.05,1712820500000000
79.92,1712820501000000
79.8,1712820502000000
79.7,1712820503000000
79.62,1712820504000000
79.52,1712820505000000
79.4,1712820506000000
79.28,1712820507000000
79.17,1712820508000000
79.05,1712820509000000
78.92,1712820510000000
78.77,1712820511000000
78.63,1712820512000000
78.5,1712820513000000
78.37,1712820514000000
78.25,1712820515000000
78.1,1712820516000000
77.95,1712820517000000
77.8,1712820518000000
77.67,1712820519000000
77.53,1712820520000000
77.38,1712820521000000
77.23,1712820522000000
77.1,1712820523000000
76.98,1712820524000000
76.88,1712820525000000
76.82,1712820526000000
76.73,1712820527000000
76.65,1712820528000000
76.57,1712820529000000
76.5,1712820530000000
76.43,1712820531000000
76.37,1712820532000000
76.25,1712820533000000
76.12,1712820534000000
75.98,1712820535000000
75.85,1712820536000000
75.68,1712820537000000
75.52,1712820538000000
75.33,1712820539000000
75.2,1712820540000000
75.0,1712820541000000
74.78,1712820542000000
74.55,1712820543000000
74.3,1712820544000000
74.03,1712820545000000
73.98,1712820546000000
73.9,1712820547000000
73.8,1712820548000000
73.73,1712820549000000
73.67,1712820550000000
73.67,1712820551000000
73.68,1712820552000000
73.77,1712820553000000
73.93,1712820554000000
74.13,1712820555000000
74.3,1712820556000000
74.48,1712820557000000
74.62,1712820558000000
74.73,1712820559000000
74.88,1712820560000000
75.03,1712820561000000
75.15,1712820562000000
75.28,1712820563000000
75.35,1712820564000000
75.45,1712820565000000
75.58,1712820566000000
75.7,1712820567000000
75.83,1712820568000000
76.0,1712820569000000
76.05,1712820570000000
76.08,1712820571000000
76.1,1712820572000000
76.12,1712820573000000
76.1,1712820574000000
76.07,1712820575000000
76.03,1712820576000000
76.0,1712820577000000
75.98,1712820578000000
75.98,1712820579000000
76.0,1712820580000000
76.03,1712820581000000
76.05,1712820582000000
76.05,1712820583000000
76.03,1712820584000000
76.02,1712820585000000
75.98,1712820586000000
75.95,1712820587000000
75.92,1712820588000000
75.88,1712820589000000
75.85,1712820590000000
75.82,1712820591000000
75.78,1712820592000000
75.8,1712820593000000
75.83,1712820594000000
75.87,1712820595000000
75.9,1712820596000000
75.92,1712820597000000
75.92,1712820598000000
75.93,1712820599000000
75.88,1712820600000000
75.88,1712820601000000
75.88,1712820602000000
75.88,1712820603000000
75.9,1712820604000000
75.95,1712820605000000
75.8,1712820606000000
75.72,1712820607000000
75.67,1712820608000000
75.58,1712820609000000
75.52,1712820610000000
75.4,1712820611000000
75.27,1712820612000000
75.1,1712820613000000
74.85,1712820614000000
74.58,1712820615000000
74.37,1712820616000000
74.15,1712820617000000
73.97,1712820618000000
73.82,1712820619000000
73.65,1712820620000000
73.48,1712820621000000
73.37,1712820622000000
73.23,1712820623000000
73.17,1712820624000000
73.07,1712820625000000
72.97,1712820626000000
72.88,1712820627000000
72.77,1712820628000000
72.63,1712820629000000
72.65,1712820630000000
72.72,1712820631000000
72.78,1712820632000000
72.82,1712820633000000
72.88,1712820634000000
72.95,1712820635000000
73.02,1712820636000000
73.07,1712820637000000
73.08,1712820638000000
73.08,1712820639000000
73.08,1712820640000000
73.1,1712820641000000
73.15,1712820642000000
73.22,1712820643000000
73.33,1712820644000000
73.43,1712820645000000
73.55,1712820646000000
73.7,1712820647000000
73.87,1712820648000000
74.03,1712820649000000
74.22,1712820650000000
74.42,1712820651000000
74.63,1712820652000000
74.88,1712820653000000
75.12,1712820654000000
75.35,1712820655000000
75.57,1712820656000000
75.75,1712820657000000
75.93,1712820658000000
76.1,1712820659000000
76.27,1712820660000000
76.42,1712820661000000
76.53,1712820662000000
76.68,1712820663000000
76.82,1712820664000000
76.93,1712820665000000
77.05,1712820666000000
77.13,1712820667000000
77.18,1712820668000000
77.22,1712820669000000
77.25,1712820670000000
77.28,1712820671000000
77.32,1712820672000000
77.32,1712820673000000
77.3,1712820674000000
77.27,1712820675000000
77.2,1712820676000000
77.13,1712820677000000
77.1,1712820678000000
77.07,1712820679000000
77.08,1712820680000000
77.1,1712820681000000
77.12,1712820682000000
77.15,1712820683000000
77.18,1712820684000000
77.22,1712820685000000
77.25,1712820686000000
77.28,1712820687000000
77.32,1712820688000000
77.3,1712820689000000
77.25,1712820690000000
77.17,1712820691000000
77.12,1712820692000000
77.1,1712820693000000
77.08,1712820694000000
77.07,1712820695000000
77.05,1712820696000000
77.05,1712820697000000
77.07,1712820698000000
77.1,1712820699000000
77.13,1712820700000000
77.15,1712820701000000
77.17,1712820702000000
77.18,1712820703000000
77.15,1712820704000000
77.13,1712820705000000
77.1,1712820706000000
77.07,1712820707000000
77.03,1712820708000000
77.02,1712820709000000
76.97,1712820710000000
76.87,1712820711000000
76.72,1712820712000000
76.52,1712820713000000
76.35,1712820714000000
76.2,1712820715000000
76.08,1712820716000000
76.0,1712820717000000
75.9,1712820718000000
75.8,1712820719000000
75.72,1712820720000000
75.68,1712820721000000
75.7,1712820722000000
75.7,1712820723000000
75.75,1712820724000000
75.8,1712820725000000
75.87,1712820726000000
75.95,1712820727000000
76.07,1712820728000000
76.18,1712820729000000
76.27,1712820730000000
76.35,1712820731000000
76.42,1712820732000000
76.48,1712820733000000
76.55,1712820734000000
76.58,1712820735000000
76.63,1712820736000000
76.65,1712820737000000
76.65,1712820738000000
76.65,1712820739000000
76.58,1712820740000000
76.53,1712820741000000
76.45,1712820742000000
76.35,1712820743000000
76.23,1712820744000000
76.13,1712820745000000
76.03,1712820746000000
75.93,1712820747000000
75.87,1712820748000000
75.83,1712820749000000
75.83,1712820750000000
75.85,1712820751000000
75.83,1712820752000000
75.82,1712820753000000
75.8,1712820754000000
75.77,1712820755000000
75.75,1712820756000000
75.73,1712820757000000
75.75,1712820758000000
75.73,1712820759000000
75.73,1712820760000000
75.77,1712820761000000
75.78,1712820762000000
75.78,1712820763000000
75.82,1712820764000000
75.83,1712820765000000
75.83,1712820766000000
75.8,1712820767000000
75.75,1712820768000000
75.67,1712820769000000
75.58,1712820770000000
75.55,1712820771000000
75.57,1712820772000000
75.62,1712820773000000
75.68,1712820774000000
75.75,1712820775000000
75.8,1712820776000000
75.88,1712820777000000
76.0,1712820778000000
76.15,1712820779000000
76.28,1712820780000000
76.38,1712820781000000
76.47,1712820782000000
76.52,1712820783000000
76.52,1712820784000000
76.5,1712820785000000
76.45,1712820786000000
76.4,1712820787000000
76.35,1712820788000000
76.3,1712820789000000
76.27,1712820790000000
76.23,1712820791000000
76.2,1712820792000000
76.2,1712820793000000
76.2,1712820794000000
76.23,1712820795000000
76.27,1712820796000000
76.3,1712820797000000
76.33,1712820798000000
76.37,1712820799000000
76.42,1712820800000000
76.43,1712820801000000
76.47,1712820802000000
76.5,1712820803000000
76.55,1712820804000000
76.58,1712820805000000
76.62,1712820806000000
76.65,1712820807000000
76.67,1712820808000000
76.67,1712820809000000
76.65,1712820810000000
76.65,1712820811000000
76.65,1712820812000000
76.65,1712820813000000
76.67,1712820814000000
76.7,1712820815000000
76.72,1712820816000000
76.73,1712820817000000
76.72,1712820818000000
76.72,1712820819000000
76.72,1712820820000000
76.68,1712820821000000
76.67,1712820822000000
76.67,1712820823000000
76.65,1712820824000000
76.62,1712820825000000
76.62,1712820826000000
76.63,1712820827000000
76.67,1712820828000000
76.72,1712820829000000
76.75,1712820830000000
76.78,1712820831000000
76.82,1712820832000000
76.83,1712820833000000
76.82,1712820834000000
76.78,1712820835000000
76.75,1712820836000000
76.7,1712820837000000
76.62,1712820838000000
76.52,1712820839000000
76.42,1712820840000000
76.32,1712820841000000
76.2,1712820842000000
76.1,1712820843000000
76.03,1712820844000000
75.98,1712820845000000
75.97,1712820846000000
75.97,1712820847000000
75.97,1712820848000000
75.98,1712820849000000
76.0,1712820850000000
76.02,1712820851000000
76.05,1712820852000000
76.08,1712820853000000
76.12,1712820854000000
76.15,1712820855000000
76.2,1712820856000000
76.27,1712820857000000
76.33,1712820858000000
76.42,1712820859000000
76.52,1712820860000000
76.63,1712820861000000
76.75,1712820862000000
76.88,1712820863000000
77.02,1712820864000000
77.17,1712820865000000
77.3,1712820866000000
77.42,1712820867000000
77.53,1712820868000000
77.67,1712820869000000
77.8,1712820870000000
77.9,1712820871000000
77.98,1712820872000000
78.07,1712820873000000
78.12,1712820874000000
78.18,1712820875000000
78.25,1712820876000000
78.3,1712820877000000
78.35,1712820878000000
78.38,1712820879000000
78.4,1712820880000000
78.42,1712820881000000
78.42,1712820882000000
78.42,1712820883000000
78.42,1712820884000000
78.45,1712820885000000
78.47,1712820886000000
78.52,1712820887000000
78.57,1712820888000000
78.63,1712820889000000
78.73,1712820890000000
78.82,1712820891000000
78.9,1712820892000000
78.98,1712820893000000
79.08,1712820894000000
79.2,1712820895000000
79.32,1712820896000000
79.43,1712820897000000
79.57,1712820898000000
79.7,1712820899000000
79.85,1712820900000000
80.0,1712820901000000
80.17,1712820902000000
80.33,1712820903000000
80.48,1712820904000000
80.63,1712820905000000
80.77,1712820906000000
80.88,1712820907000000
81.0,1712820908000000
81.12,1712820909000000
81.25,1712820910000000
81.4,1712820911000000
81.58,1712820912000000
81.73,1712820913000000
81.95,1712820914000000
82.17,1712820915000000
82.4,1712820916000000
82.63,1712820917000000
82.87,1712820918000000
83.07,1712820919000000
83.22,1712820920000000
83.33,1712820921000000
83.43,1712820922000000
83.5,1712820923000000
83.55,1712820924000000
83.62,1712820925000000
83.7,1712820926000000
83.82,1712820927000000
83.93,1712820928000000
84.05,1712820929000000
84.17,1712820930000000
84.28,1712820931000000
84.42,1712820932000000
84.57,1712820933000000
84.73,1712820934000000
84.88,1712820935000000
85.05,1712820936000000
85.25,1712820937000000
85.45,1712820938000000
85.67,1712820939000000
85.87,1712820940000000
86.03,1712820941000000
86.2,1712820942000000
86.33,1712820943000000
86.43,1712820944000000
86.5,1712820945000000
86.52,1712820946000000
86.5,1712820947000000
86.45,1712820948000000
86.37,1712820949000000
86.27,1712820950000000
86.17,1712820951000000
86.03,1712820952000000
85.9,1712820953000000
85.75,1712820954000000
85.58,1712820955000000
85.4,1712820956000000
85.22,1712820957000000
85.03,1712820958000000
84.87,1712820959000000
84.7,1712820960000000
84.55,1712820961000000
84.42,1712820962000000
84.28,1712820963000000
84.15,1712820964000000
84.02,1712820965000000
83.87,1712820966000000
83.72,1712820967000000
83.57,1712820968000000
83.42,1712820969000000
83.25,1712820970000000
83.07,1712820971000000
82.87,1712820972000000
82.7,1712820973000000
82.48,1712820974000000
82.3,1712820975000000
82.08,1712820976000000
81.88,1712820977000000
81.67,1712820978000000
81.47,1712820979000000
81.3,1712820980000000
81.18,1712820981000000
81.08,1712820982000000
81.02,1712820983000000
80.97,1712820984000000
80.9,1712820985000000
80.85,1712820986000000
80.8,1712820987000000
80.75,1712820988000000
80.68,1712820989000000
80.62,1712820990000000
80.57,1712820991000000
80.52,1712820992000000
80.45,1712820993000000
80.37,1712820994000000
80.28,1712820995000000
80.17,1712820996000000
80.03,1712820997000000
79.9,1712820998000000
79.77,1712820999000000
79.63,1712821000000000
79.52,1712821001000000
79.38,1712821002000000
79.27,1712821003000000
79.2,1712821004000000
79.15,1712821005000000
79.17,1712821006000000
79.18,1712821007000000
79.22,1712821008000000
79.28,1712821009000000
79.37,1712821010000000
79.45,1712821011000000
79.57,1712821012000000
79.68,1712821013000000
79.78,1712821014000000
79.87,1712821015000000
79.97,1712821016000000
80.07,1712821017000000
80.15,1712821018000000
80.22,1712821019000000
80.28,1712821020000000
80.33,1712821021000000
80.37,1712821022000000
80.4,1712821023000000
80.43,1712821024000000
80.47,1712821025000000
80.52,1712821026000000
80.57,1712821027000000
80.63,1712821028000000
80.7,1712821029000000
80.77,1712821030000000
80.83,1712821031000000
80.88,1712821032000000
80.92,1712821033000000
80.95,1712821034000000
80.95,1712821035000000
80.95,1712821036000000
80.93,1712821037000000
80.93,1712821038000000
80.95,1712821039000000
80.97,1712821040000000
80.98,1712821041000000
81.02,1712821042000000
81.03,1712821043000000
81.05,1712821044000000
81.08,1712821045000000
81.1,1712821046000000
81.1,1712821047000000
81.1,1712821048000000
81.13,1712821049000000
81.17,1712821050000000
81.2,1712821051000000
81.23,1712821052000000
81.27,1712821053000000
81.32,1712821054000000
81.38,1712821055000000
81.45,1712821056000000
81.52,1712821057000000
81.58,1712821058000000
81.63,1712821059000000
81.7,1712821060000000
81.78,1712821061000000
81.87,1712821062000000
81.95,1712821063000000
82.03,1712821064000000
82.12,1712821065000000
82.18,1712821066000000
82.25,1712821067000000
82.32,1712821068000000
82.37,1712821069000000
82.4,1712821070000000
82.45,1712821071000000
82.48,1712821072000000
82.5,1712821073000000
82.53,1712821074000000
82.58,1712821075000000
82.63,1712821076000000
82.68,1712821077000000
82.77,1712821078000000
82.85,1712821079000000
82.95,1712821080000000
83.05,1712821081000000
83.17,1712821082000000
83.28,1712821083000000
83.42,1712821084000000
83.57,1712821085000000
83.72,1712821086000000
83.85,1712821087000000
83.97,1712821088000000
84.07,1712821089000000
84.18,1712821090000000
84.3,1712821091000000
84.42,1712821092000000
84.55,1712821093000000
84.68,1712821094000000
84.82,1712821095000000
84.95,1712821096000000
85.08,1712821097000000
85.22,1712821098000000
85.35,1712821099000000
85.48,1712821100000000
85.6,1712821101000000
85.7,1712821102000000
85.82,1712821103000000
85.93,1712821104000000
86.03,1712821105000000
86.17,1712821106000000
86.32,1712821107000000
86.5,1712821108000000
86.7,1712821109000000
86.95,1712821110000000
87.22,1712821111000000
87.5,1712821112000000
87.78,1712821113000000
88.05,1712821114000000
88.28,1712821115000000
88.52,1712821116000000
88.75,1712821117000000
89.0,1712821118000000
89.3,1712821119000000
89.62,1712821120000000
89.83,1712821121000000
90.08,1712821122000000
90.37,1712821123000000
90.65,1712821124000000
90.93,1712821125000000
91.23,1712821126000000
91.45,1712821127000000
91.92,1712821128000000
92.4,1712821129000000
92.92,1712821130000000
93.45,1712821131000000
94.02,1712821132000000
94.62,1712821133000000
95.22,1712821134000000
95.85,1712821135000000
96.48,1712821136000000
97.12,1712821137000000
97.75,1712821138000000
98.37,1712821139000000
98.97,1712821140000000
99.58,1712821141000000
100.2,1712821142000000
100.83,1712821143000000
101.48,1712821144000000
102.13,1712821145000000
102.8,1712821146000000
103.48,1712821147000000
104.17,1712821148000000
104.85,1712821149000000
105.5,1712821150000000
106.13,1712821151000000
106.77,1712821152000000
107.4,1712821153000000
108.03,1712821154000000
108.68,1712821155000000
109.33,1712821156000000
110.0,1712821157000000
110.67,1712821158000000
111.3,1712821159000000
111.93,1712821160000000
112.57,1712821161000000
113.22,1712821162000000
113.87,1712821163000000
114.57,1712821164000000
115.28,1712821165000000
116.0,1712821166000000
116.72,1712821167000000
117.42,1712821168000000
118.08,1712821169000000
118.7,1712821170000000
119.28,1712821171000000
119.85,1712821172000000
120.4,1712821173000000
120.97,1712821174000000
121.53,1712821175000000
122.1,1712821176000000
122.67,1712821177000000
123.2,1712821178000000
123.68,1712821179000000
124.2,1712821180000000
124.8,1712821181000000
125.38,1712821182000000
125.9,1712821183000000
126.38,1712821184000000
126.7,1712821185000000
127.0,1712821186000000
127.38,1712821187000000
127.52,1712821188000000
127.62,1712821189000000
127.67,1712821190000000
127.68,1712821191000000
127.65,1712821192000000
127.58,1712821193000000
127.48,1712821194000000
127.33,1712821195000000
127.15,1712821196000000
126.95,1712821197000000
126.73,1712821198000000
126.55,1712821199000000
126.35,1712821200000000
126.15,1712821201000000
125.93,1712821202000000
125.72,1712821203000000
125.48,1712821204000000
125.23,1712821205000000
125.02,1712821206000000
124.78,1712821207000000
124.55,1712821208000000
124.3,1712821209000000
124.12,1712821210000000
123.65,1712821211000000
123.25,1712821212000000
122.73,1712821213000000
122.25,1712821214000000
121.77,1712821215000000
121.23,1712821216000000
120.65,1712821217000000
120.07,1712821218000000
119.52,1712821219000000
118.87,1712821220000000
118.18,1712821221000000
117.48,1712821222000000
116.77,1712821223000000
115.98,1712821224000000
115.15,1712821225000000
114.3,1712821226000000
113.4,1712821227000000
112.43,1712821228000000
111.47,1712821229000000
110.48,1712821230000000
109.53,1712821231000000
108.58,1712821232000000
107.63,1712821233000000
106.67,1712821234000000
105.7,1712821235000000
104.72,1712821236000000
103.75,1712821237000000
102.8,1712821238000000
101.87,1712821239000000
100.88,1712821240000000
99.9,1712821241000000
98.92,1712821242000000
97.97,1712821243000000
97.02,1712821244000000
96.25,1712821245000000
95.48,1712821246000000
94.72,1712821247000000
93.97,1712821248000000
93.23,1712821249000000
92.55,1712821250000000
91.88,1712821251000000
91.28,1712821252000000
90.77,1712821253000000
90.28,1712821254000000
89.82,1712821255000000
89.37,1712821256000000
88.9,1712821257000000
88.48,1712821258000000
88.02,1712821259000000
87.3,1712821260000000
86.58,1712821261000000
85.9,1712821262000000
85.23,1712821263000000
84.57,1712821264000000
83.9,1712821265000000
83.18,1712821266000000
82.5,1712821267000000
81.82,1712821268000000
81.18,1712821269000000
80.5,1712821270000000
80.1,1712821271000000
79.63,1712821272000000
79.28,1712821273000000
78.9,1712821274000000
78.5,1712821275000000
78.17,1712821276000000
77.87,1712821277000000
77.58,1712821278000000
77.28,1712821279000000
77.08,1712821280000000
76.92,1712821281000000
76.77,1712821282000000
76.62,1712821283000000
76.48,1712821284000000
76.38,1712821285000000
76.25,1712821286000000
76.13,1712821287000000
76.07,1712821288000000
76.0,1712821289000000
75.93,1712821290000000
75.85,1712821291000000
75.75,1712821292000000
75.68,1712821293000000
75.63,1712821294000000
75.6,1712821295000000
75.62,1712821296000000
75.62,1712821297000000
75.62,1712821298000000
75.63,1712821299000000
75.65,1712821300000000
75.68,1712821301000000
75.73,1712821302000000
75.78,1712821303000000
75.85,1712821304000000
75.9,1712821305000000
75.95,1712821306000000
76.0,1712821307000000
76.03,1712821308000000
76.07,1712821309000000
76.07,1712821310000000
76.05,1712821311000000
75.97,1712821312000000
75.8,1712821313000000
75.62,1712821314000000
75.43,1712821315000000
75.28,1712821316000000
75.18,1712821317000000
75.05,1712821318000000
74.93,1712821319000000
75.07,1712821320000000
75.15,1712821321000000
75.2,1712821322000000
75.2,1712821323000000
75.18,1712821324000000
75.17,1712821325000000
75.17,1712821326000000
75.13,1712821327000000
75.13,1712821328000000
75.13,1712821329000000
75.17,1712821330000000
75.23,1712821331000000
75.32,1712821332000000
75.4,1712821333000000
75.48,1712821334000000
75.52,1712821335000000
75.55,1712821336000000
75.58,1712821337000000
75.62,1712821338000000
75.62,1712821339000000
75.62,1712821340000000
75.62,1712821341000000
75.62,1712821342000000
75.67,1712821343000000
75.77,1712821344000000
75.87,1712821345000000
75.98,1712821346000000
76.07,1712821347000000
76.15,1712821348000000
76.25,1712821349000000
76.4,1712821350000000
76.57,1712821351000000
76.73,1712821352000000
76.83,1712821353000000
76.9,1712821354000000
76.93,1712821355000000
76.95,1712821356000000
76.95,1712821357000000
76.93,1712821358000000
76.9,1712821359000000
76.85,1712821360000000
76.78,1712821361000000
76.68,1712821362000000
76.58,1712821363000000
76.48,1712821364000000
76.42,1712821365000000
76.37,1712821366000000
76.32,1712821367000000
76.25,1712821368000000
76.17,1712821369000000
76.07,1712821370000000
75.97,1712821371000000
75.92,1712821372000000
75.9,1712821373000000
75.92,1712821374000000
75.93,1712821375000000
75.92,1712821376000000
75.88,1712821377000000
75.85,1712821378000000
75.85,1712821379000000
75.88,1712821380000000
75.95,1712821381000000
76.03,1712821382000000
76.12,1712821383000000
76.2,1712821384000000
76.32,1712821385000000
76.43,1712821386000000
76.63,1712821387000000
76.82,1712821388000000
76.97,1712821389000000
77.08,1712821390000000
77.2,1712821391000000
77.28,1712821392000000
77.37,1712821393000000
77.43,1712821394000000
77.55,1712821395000000
77.62,1712821396000000
77.65,1712821397000000
77.63,1712821398000000
77.65,1712821399000000
77.65,1712821400000000
77.62,1712821401000000
77.57,1712821402000000
77.47,1712821403000000
77.3,1712821404000000
77.13,1712821405000000
76.97,1712821406000000
76.85,1712821407000000
76.72,1712821408000000
76.57,1712821409000000
76.4,1712821410000000
76.23,1712821411000000
76.08,1712821412000000
75.98,1712821413000000
75.93,1712821414000000
75.93,1712821415000000
75.93,1712821416000000
75.97,1712821417000000
76.02,1712821418000000
76.07,1712821419000000
76.15,1712821420000000
76.25,1712821421000000
76.38,1712821422000000
76.52,1712821423000000
76.63,1712821424000000
76.72,1712821425000000
76.78,1712821426000000
76.87,1712821427000000
76.95,1712821428000000
77.05,1712821429000000
77.15,1712821430000000
77.23,1712821431000000
77.28,1712821432000000
77.35,1712821433000000
77.4,1712821434000000
77.45,1712821435000000
77.52,1712821436000000
77.6,1712821437000000
77.67,1712821438000000
77.73,1712821439000000
77.78,1712821440000000
77.83,1712821441000000
77.85,1712821442000000
77.88,1712821443000000
77.92,1712821444000000
77.97,1712821445000000
78.0,1712821446000000
77.98,1712821447000000
77.93,1712821448000000
77.9,1712821449000000
77.85,1712821450000000
77.78,1712821451000000
77.72,1712821452000000
77.63,1712821453000000
77.52,1712821454000000
77.38,1712821455000000
77.27,1712821456000000
77.17,1712821457000000
77.1,1712821458000000
77.03,1712821459000000
76.98,1712821460000000
76.98,1712821461000000
76.97,1712821462000000
76.97,1712821463000000
77.0,1712821464000000
77.05,1712821465000000
77.1,1712821466000000
77.15,1712821467000000
77.23,1712821468000000
77.32,1712821469000000
77.4,1712821470000000
77.48,1712821471000000
77.58,1712821472000000
77.72,1712821473000000
77.83,1712821474000000
77.98,1712821475000000
78.17,1712821476000000
78.35,1712821477000000
78.55,1712821478000000
78.77,1712821479000000
78.98,1712821480000000
79.2,1712821481000000
79.4,1712821482000000
79.58,1712821483000000
79.77,1712821484000000
79.93,1712821485000000
80.05,1712821486000000
80.13,1712821487000000
80.25,1712821488000000
80.35,1712821489000000
80.47,1712821490000000
80.62,1712821491000000
80.77,1712821492000000
80.9,1712821493000000
81.03,1712821494000000
81.18,1712821495000000
81.33,1712821496000000
81.47,1712821497000000
81.57,1712821498000000
81.65,1712821499000000
81.72,1712821500000000
81.78,1712821501000000
81.85,1712821502000000
81.92,1712821503000000
81.98,1712821504000000
82.0,1712821505000000
82.03,1712821506000000
82.07,1712821507000000
82.1,1712821508000000
82.13,1712821509000000
82.18,1712821510000000
82.22,1712821511000000
82.27,1712821512000000
82.33,1712821513000000
82.45,1712821514000000
82.58,1712821515000000
82.72,1712821516000000
82.87,1712821517000000
83.02,1712821518000000
83.15,1712821519000000
83.28,1712821520000000
83.4,1712821521000000
83.52,1712821522000000
83.62,1712821523000000
83.68,1712821524000000
83.72,1712821525000000
83.73,1712821526000000
83.75,1712821527000000
83.75,1712821528000000
83.75,1712821529000000
83.73,1712821530000000
83.67,1712821531000000
83.58,1712821532000000
83.47,1712821533000000
83.38,1712821534000000
83.3,1712821535000000
83.2,1712821536000000
83.12,1712821537000000
83.03,1712821538000000
82.97,1712821539000000
82.9,1712821540000000
82.83,1712821541000000
82.77,1712821542000000
82.68,1712821543000000
82.6,1712821544000000
82.52,1712821545000000
82.45,1712821546000000
82.37,1712821547000000
82.23,1712821548000000
82.1,1712821549000000
81.97,1712821550000000
81.82,1712821551000000
81.67,1712821552000000
81.48,1712821553000000
81.32,1712821554000000
81.15,1712821555000000
81.02,1712821556000000
80.9,1712821557000000
80.85,1712821558000000
80.85,1712821559000000
80.9,1712821560000000
80.95,1712821561000000
81.03,1712821562000000
81.13,1712821563000000
81.25,1712821564000000
81.35,1712821565000000
81.4,1712821566000000
81.45,1712821567000000
81.5,1712821568000000
81.55,1712821569000000
81.62,1712821570000000
81.7,1712821571000000
81.78,1712821572000000
81.87,1712821573000000
81.97,1712821574000000
82.03,1712821575000000
82.17,1712821576000000
82.3,1712821577000000
82.42,1712821578000000
82.57,1712821579000000
82.72,1712821580000000
82.87,1712821581000000
83.03,1712821582000000
83.27,1712821583000000
83.45,1712821584000000
83.65,1712821585000000
83.98,1712821586000000
84.32,1712821587000000
84.6,1712821588000000
84.88,1712821589000000
85.1,1712821590000000
85.38,1712821591000000
85.7,1712821592000000
86.1,1712821593000000
86.43,1712821594000000
86.7,1712821595000000
86.98,1712821596000000
87.25,1712821597000000
87.45,1712821598000000
87.58,1712821599000000
87.65,1712821600000000
87.78,1712821601000000
87.8,1712821602000000
87.85,1712821603000000
87.7,1712821604000000
87.52,1712821605000000
87.35,1712821606000000
87.2,1712821607000000
87.08,1712821608000000
86.98,1712821609000000
86.9,1712821610000000
86.88,1712821611000000
86.87,1712821612000000
86.87,1712821613000000
86.85,1712821614000000
86.88,1712821615000000
86.88,1712821616000000
86.88,1712821617000000
86.87,1712821618000000
86.75,1712821619000000
86.55,1712821620000000
86.35,1712821621000000
86.12,1712821622000000
85.88,1712821623000000
85.65,1712821624000000
85.5,1712821625000000
85.38,1712821626000000
85.25,1712821627000000
85.1,1712821628000000
84.95,1712821629000000
84.77,1712821630000000
84.6,1712821631000000
84.43,1712821632000000
84.28,1712821633000000
84.13,1712821634000000
84.05,1712821635000000
83.95,1712821636000000
83.87,1712821637000000
83.82,1712821638000000
83.75,1712821639000000
83.67,1712821640000000
83.58,1712821641000000
83.5,1712821642000000
83.33,1712821643000000
83.22,1712821644000000
83.12,1712821645000000
82.9,1712821646000000
82.68,1712821647000000
82.52,1712821648000000
82.33,1712821649000000
82.18,1712821650000000
81.98,1712821651000000
81.67,1712821652000000
81.3,1712821653000000
80.98,1712821654000000
80.67,1712821655000000
80.3,1712821656000000
79.93,1712821657000000
79.63,1712821658000000
79.38,1712821659000000
79.18,1712821660000000
78.92,1712821661000000
78.75,1712821662000000
78.57,1712821663000000
78.6,1712821664000000
78.75,1712821665000000
78.9,1712821666000000
79.05,1712821667000000
79.18,1712821668000000
79.32,1712821669000000
79.45,1712821670000000
79.52,1712821671000000
79.55,1712821672000000
79.57,1712821673000000
79.6,1712821674000000
79.58,1712821675000000
79.58,1712821676000000
79.55,1712821677000000
79.5,1712821678000000
79.48,1712821679000000
79.53,1712821680000000
79.6,1712821681000000
79.7,1712821682000000
79.82,1712821683000000
79.93,1712821684000000
80.03,1712821685000000
80.17,1712821686000000
80.3,1712821687000000
80.47,1712821688000000
80.62,1712821689000000
80.77,1712821690000000
80.87,1712821691000000
80.98,1712821692000000
81.05,1712821693000000
81.12,1712821694000000
81.15,1712821695000000
81.15,1712821696000000
81.13,1712821697000000
81.1,1712821698000000
81.05,1712821699000000
81.0,1712821700000000
80.93,1712821701000000
80.88,1712821702000000
80.83,1712821703000000
80.8,1712821704000000
80.77,1712821705000000
80.72,1712821706000000
80.67,1712821707000000
80.65,1712821708000000
80.65,1712821709000000
80.7,1712821710000000
80.75,1712821711000000
80.93,1712821712000000
81.1,1712821713000000
81.3,1712821714000000
81.5,1712821715000000
81.73,1712821716000000
81.92,1712821717000000
82.12,1712821718000000
82.3,1712821719000000
82.52,1712821720000000
82.72,1712821721000000
82.92,1712821722000000
83.13,1712821723000000
83.42,1712821724000000
83.63,1712821725000000
83.88,1712821726000000
84.18,1712821727000000
84.52,1712821728000000
84.87,1712821729000000
85.25,1712821730000000
85.63,1712821731000000
86.02,1712821732000000
86.45,1712821733000000
86.9,1712821734000000
87.35,1712821735000000
87.77,1712821736000000
88.22,1712821737000000
88.7,1712821738000000
89.18,1712821739000000
89.65,1712821740000000
90.08,1712821741000000
90.5,1712821742000000
90.87,1712821743000000
91.18,1712821744000000
91.35,1712821745000000
91.58,1712821746000000
91.78,1712821747000000
91.93,1712821748000000
92.08,1712821749000000
92.23,1712821750000000
92.4,1712821751000000
92.53,1712821752000000
92.55,1712821753000000
92.58,1712821754000000
92.62,1712821755000000
92.67,1712821756000000
92.72,1712821757000000
92.75,1712821758000000
92.8,1712821759000000
92.87,1712821760000000
92.95,1712821761000000
93.03,1712821762000000
93.13,1712821763000000
93.25,1712821764000000
93.35,1712821765000000
93.47,1712821766000000
93.57,1712821767000000
93.62,1712821768000000
93.62,1712821769000000
93.62,1712821770000000
93.63,1712821771000000
93.58,1712821772000000
93.52,1712821773000000
93.38,1712821774000000
93.27,1712821775000000
93.12,1712821776000000
93.0,1712821777000000
92.87,1712821778000000
92.72,1712821779000000
92.52,1712821780000000
92.32,1712821781000000
92.1,1712821782000000
91.87,1712821783000000
91.55,1712821784000000
91.23,1712821785000000
90.9,1712821786000000
90.52,1712821787000000
90.1,1712821788000000
89.67,1712821789000000
89.18,1712821790000000
88.75,1712821791000000
88.35,1712821792000000
87.93,1712821793000000
87.48,1712821794000000
87.0,1712821795000000
86.55,1712821796000000
86.08,1712821797000000
85.6,1712821798000000
85.13,1712821799000000
84.67,1712821800000000
84.23,1712821801000000
83.78,1712821802000000
83.35,1712821803000000
82.97,1712821804000000
82.67,1712821805000000
82.27,1712821806000000
81.9,1712821807000000
81.58,1712821808000000
81.28,1712821809000000
80.98,1712821810000000
80.7,1712821811000000
80.43,1712821812000000
80.32,1712821813000000
80.18,1712821814000000
80.07,1712821815000000
79.93,1712821816000000
79.82,1712821817000000
79.73,1712821818000000
79.67,1712821819000000
79.62,1712821820000000
79.58,1712821821000000
79.55,1712821822000000
79.53,1712821823000000
79.53,1712821824000000
79.55,1712821825000000
79.58,1712821826000000
79.63,1712821827000000
79.72,1712821828000000
79.87,1712821829000000
80.02,1712821830000000
80.17,1712821831000000
80.33,1712821832000000
80.48,1712821833000000
80.63,1712821834000000
80.75,1712821835000000
80.87,1712821836000000
80.97,1712821837000000
81.02,1712821838000000
81.07,1712821839000000
81.12,1712821840000000
81.17,1712821841000000
81.23,1712821842000000
81.32,1712821843000000
81.42,1712821844000000
81.5,1712821845000000
81.58,1712821846000000
81.68,1712821847000000
81.82,1712821848000000
81.95,1712821849000000
82.08,1712821850000000
82.17,1712821851000000
82.25,1712821852000000
82.33,1712821853000000
82.4,1712821854000000
82.48,1712821855000000
82.53,1712821856000000
82.58,1712821857000000
82.62,1712821858000000
82.65,1712821859000000
82.68,1712821860000000
82.7,1712821861000000
82.73,1712821862000000
82.77,1712821863000000
82.8,1712821864000000
82.88,1712821865000000
82.98,1712821866000000
83.1,1712821867000000
83.23,1712821868000000
83.38,1712821869000000
83.53,1712821870000000
83.7,1712821871000000
83.87,1712821872000000
84.05,1712821873000000
84.22,1712821874000000
84.35,1712821875000000
84.47,1712821876000000
84.57,1712821877000000
84.63,1712821878000000
84.7,1712821879000000
84.75,1712821880000000
84.78,1712821881000000
84.8,1712821882000000
84.78,1712821883000000
84.75,1712821884000000
84.7,1712821885000000
84.65,1712821886000000
84.6,1712821887000000
84.53,1712821888000000
84.47,1712821889000000
84.4,1712821890000000
84.33,1712821891000000
84.33,1712821892000000
84.32,1712821893000000
84.35,1712821894000000
84.42,1712821895000000
84.5,1712821896000000
84.63,1712821897000000
84.82,1712821898000000
85.03,1712821899000000
85.27,1712821900000000
85.52,1712821901000000
85.73,1712821902000000
85.95,1712821903000000
86.15,1712821904000000
86.37,1712821905000000
86.58,1712821906000000
86.8,1712821907000000
86.98,1712821908000000
87.18,1712821909000000
87.37,1712821910000000
87.53,1712821911000000
87.68,1712821912000000
87.82,1712821913000000
87.95,1712821914000000
88.07,1712821915000000
88.22,1712821916000000
88.35,1712821917000000
88.5,1712821918000000
88.63,1712821919000000
88.77,1712821920000000
88.88,1712821921000000
89.0,1712821922000000
89.12,1712821923000000
89.2,1712821924000000
89.25,1712821925000000
89.28,1712821926000000
89.28,1712821927000000
89.25,1712821928000000
89.17,1712821929000000
89.1,1712821930000000
88.97,1712821931000000
88.83,1712821932000000
88.68,1712821933000000
88.53,1712821934000000
88.4,1712821935000000
88.3,1712821936000000
88.2,1712821937000000
88.1,1712821938000000
87.97,1712821939000000
87.83,1712821940000000
87.7,1712821941000000
87.55,1712821942000000
87.38,1712821943000000
87.2,1712821944000000
87.02,1712821945000000
86.82,1712821946000000
86.62,1712821947000000
86.42,1712821948000000
86.22,1712821949000000
86.03,1712821950000000
85.85,1712821951000000
85.6,1712821952000000
85.37,1712821953000000
85.08,1712821954000000
84.8,1712821955000000
84.5,1712821956000000
84.17,1712821957000000
83.82,1712821958000000
83.45,1712821959000000
83.08,1712821960000000
82.73,1712821961000000
82.43,1712821962000000
82.13,1712821963000000
81.85,1712821964000000
81.58,1712821965000000
81.32,1712821966000000
81.07,1712821967000000
80.83,1712821968000000
80.58,1712821969000000
80.37,1712821970000000
80.18,1712821971000000
80.02,1712821972000000
79.85,1712821973000000
79.68,1712821974000000
79.52,1712821975000000
79.32,1712821976000000
79.12,1712821977000000
78.88,1712821978000000
78.67,1712821979000000
78.45,1712821980000000
78.25,1712821981000000
78.07,1712821982000000
77.9,1712821983000000
77.77,1712821984000000
77.65,1712821985000000
77.55,1712821986000000
77.47,1712821987000000
77.4,1712821988000000
77.37,1712821989000000
77.33,1712821990000000
77.37,1712821991000000
77.4,1712821992000000
77.45,1712821993000000
77.48,1712821994000000
77.5,1712821995000000
77.48,1712821996000000
77.47,1712821997000000
77.45,1712821998000000
77.45,1712821999000000
77.45,1712822000000000
77.45,1712822001000000
77.47,1712822002000000
77.52,1712822003000000
77.55,1712822004000000
77.57,1712822005000000
77.57,1712822006000000
77.57,1712822007000000
77.57,1712822008000000
77.55,1712822009000000
77.52,1712822010000000
77.5,1712822011000000
77.5,1712822012000000
77.55,1712822013000000
77.63,1712822014000000
77.7,1712822015000000
77.78,1712822016000000
77.87,1712822017000000
77.93,1712822018000000
77.98,1712822019000000
78.02,1712822020000000
78.02,1712822021000000
78.03,1712822022000000
78.07,1712822023000000
78.12,1712822024000000
78.17,1712822025000000
78.22,1712822026000000
78.23,1712822027000000
78.23,1712822028000000
78.23,1712822029000000
78.2,1712822030000000
78.13,1712822031000000
78.07,1712822032000000
78.0,1712822033000000
77.97,1712822034000000
77.97,1712822035000000
77.98,1712822036000000
78.03,1712822037000000
78.1,1712822038000000
78.17,1712822039000000
78.23,1712822040000000
78.32,1712822041000000
78.38,1712822042000000
78.45,1712822043000000
78.5,1712822044000000
78.55,1712822045000000
78.58,1712822046000000
78.63,1712822047000000
78.7,1712822048000000
78.78,1712822049000000
78.88,1712822050000000
78.97,1712822051000000
79.05,1712822052000000
79.12,1712822053000000
79.2,1712822054000000
79.27,1712822055000000
79.33,1712822056000000
79.4,1712822057000000
79.47,1712822058000000
79.53,1712822059000000
79.6,1712822060000000
79.67,1712822061000000
79.75,1712822062000000
79.83,1712822063000000
79.93,1712822064000000
80.05,1712822065000000
80.17,1712822066000000
80.28,1712822067000000
80.4,1712822068000000
80.5,1712822069000000
80.57,1712822070000000
80.62,1712822071000000
80.63,1712822072000000
80.62,1712822073000000
80.57,1712822074000000
80.52,1712822075000000
80.47,1712822076000000
80.42,1712822077000000
80.4,1712822078000000
80.4,1712822079000000
80.43,1712822080000000
80.5,1712822081000000
80.55,1712822082000000
80.58,1712822083000000
80.57,1712822084000000
80.53,1712822085000000
80.47,1712822086000000
80.4,1712822087000000
80.38,1712822088000000
80.35,1712822089000000
80.33,1712822090000000
80.33,1712822091000000
80.35,1712822092000000
80.37,1712822093000000
80.33,1712822094000000
80.32,1712822095000000
80.3,1712822096000000
80.27,1712822097000000
80.27,1712822098000000
80.35,1712822099000000
80.5,1712822100000000
80.67,1712822101000000
80.83,1712822102000000
80.97,1712822103000000
81.13,1712822104000000
81.27,1712822105000000
81.4,1712822106000000
81.5,1712822107000000
81.53,1712822108000000
81.53,1712822109000000
81.5,1712822110000000
81.45,1712822111000000
81.4,1712822112000000
81.3,1712822113000000
81.2,1712822114000000
81.12,1712822115000000
81.05,1712822116000000
80.98,1712822117000000
80.93,1712822118000000
80.87,1712822119000000
80.8,1712822120000000
80.73,1712822121000000
80.65,1712822122000000
80.58,1712822123000000
80.52,1712822124000000
80.45,1712822125000000
80.4,1712822126000000
80.35,1712822127000000
80.32,1712822128000000
80.32,1712822129000000
80.35,1712822130000000
80.4,1712822131000000
80.45,1712822132000000
80.52,1712822133000000
80.6,1712822134000000
80.7,1712822135000000
80.8,1712822136000000
80.9,1712822137000000
80.98,1712822138000000
81.05,1712822139000000
81.1,1712822140000000
81.13,1712822141000000
81.17,1712822142000000
81.18,1712822143000000
81.22,1712822144000000
81.25,1712822145000000
81.3,1712822146000000
81.37,1712822147000000
81.4,1712822148000000
81.45,1712822149000000
81.5,1712822150000000
81.57,1712822151000000
81.62,1712822152000000
81.7,1712822153000000
81.82,1712822154000000
81.92,1712822155000000
82.02,1712822156000000
82.12,1712822157000000
82.2,1712822158000000
82.18,1712822159000000
82.1,1712822160000000
81.98,1712822161000000
81.87,1712822162000000
81.77,1712822163000000
81.67,1712822164000000
81.6,1712822165000000
81.55,1712822166000000
81.52,1712822167000000
81.55,1712822168000000
81.6,1712822169000000
81.67,1712822170000000
81.75,1712822171000000
81.83,1712822172000000
81.93,1712822173000000
82.03,1712822174000000
82.13,1712822175000000
82.23,1712822176000000
82.33,1712822177000000
82.43,1712822178000000
82.55,1712822179000000
82.67,1712822180000000
82.78,1712822181000000
82.88,1712822182000000
82.95,1712822183000000
83.02,1712822184000000
83.08,1712822185000000
83.15,1712822186000000
83.22,1712822187000000
83.27,1712822188000000
83.28,1712822189000000
83.28,1712822190000000
83.27,1712822191000000
83.27,1712822192000000
83.27,1712822193000000
83.25,1712822194000000
83.25,1712822195000000
83.23,1712822196000000
83.22,1712822197000000
83.18,1712822198000000
83.17,1712822199000000
83.15,1712822200000000
83.15,1712822201000000
83.17,1712822202000000
83.22,1712822203000000
83.28,1712822204000000
83.33,1712822205000000
83.4,1712822206000000
83.47,1712822207000000
83.55,1712822208000000
83.63,1712822209000000
83.7,1712822210000000
83.75,1712822211000000
83.8,1712822212000000
83.8,1712822213000000
83.8,1712822214000000
83.78,1712822215000000
83.73,1712822216000000
83.68,1712822217000000
83.58,1712822218000000
83.5,1712822219000000
83.37,1712822220000000
83.2,1712822221000000
83.02,1712822222000000
82.78,1712822223000000
82.6,1712822224000000
82.4,1712822225000000
82.18,1712822226000000
81.98,1712822227000000
81.78,1712822228000000
81.58,1712822229000000
81.38,1712822230000000
81.5,1712822231000000
81.62,1712822232000000
81.78,1712822233000000
81.93,1712822234000000
82.12,1712822235000000
82.25,1712822236000000
82.4,1712822237000000
82.55,1712822238000000
82.78,1712822239000000
83.02,1712822240000000
83.23,1712822241000000
83.43,1712822242000000
83.72,1712822243000000
83.95,1712822244000000
84.18,1712822245000000
84.42,1712822246000000
84.63,1712822247000000
84.83,1712822248000000
85.05,1712822249000000
85.27,1712822250000000
85.48,1712822251000000
85.7,1712822252000000
85.9,1712822253000000
86.1,1712822254000000
86.28,1712822255000000
86.48,1712822256000000
86.68,1712822257000000
86.9,1712822258000000
87.13,1712822259000000
87.38,1712822260000000
87.62,1712822261000000
87.85,1712822262000000
88.08,1712822263000000
88.33,1712822264000000
88.62,1712822265000000
88.9,1712822266000000
89.18,1712822267000000
89.43,1712822268000000
89.68,1712822269000000
89.93,1712822270000000
90.18,1712822271000000
90.43,1712822272000000
90.68,1712822273000000
90.93,1712822274000000
91.17,1712822275000000
91.43,1712822276000000
91.7,1712822277000000
92.0,1712822278000000
92.3,1712822279000000
92.67,1712822280000000
93.08,1712822281000000
93.52,1712822282000000
94.02,1712822283000000
94.43,1712822284000000
94.83,1712822285000000
95.23,1712822286000000
95.6,1712822287000000
95.93,1712822288000000
96.27,1712822289000000
96.6,1712822290000000
96.62,1712822291000000
96.63,1712822292000000
96.65,1712822293000000
96.68,1712822294000000
96.7,1712822295000000
96.78,1712822296000000
96.85,1712822297000000
96.93,1712822298000000
96.93,1712822299000000
96.95,1712822300000000
96.98,1712822301000000
97.05,1712822302000000
97.03,1712822303000000
97.05,1712822304000000
97.07,1712822305000000
97.07,1712822306000000
97.08,1712822307000000
97.13,1712822308000000
97.18,1712822309000000
97.23,1712822310000000
97.27,1712822311000000
97.3,1712822312000000
97.32,1712822313000000
97.33,1712822314000000
97.33,1712822315000000
97.33,1712822316000000
97.33,1712822317000000
97.33,1712822318000000
97.33,1712822319000000
97.32,1712822320000000
97.3,1712822321000000
97.27,1712822322000000
97.22,1712822323000000
97.15,1712822324000000
97.07,1712822325000000
96.98,1712822326000000
96.9,1712822327000000
96.83,1712822328000000
96.77,1712822329000000
96.72,1712822330000000
96.67,1712822331000000
96.63,1712822332000000
96.63,1712822333000000
96.63,1712822334000000
96.65,1712822335000000
96.67,1712822336000000
96.68,1712822337000000
96.7,1712822338000000
96.72,1712822339000000
96.72,1712822340000000
96.68,1712822341000000
96.68,1712822342000000
96.68,1712822343000000
96.68,1712822344000000
96.7,1712822345000000
96.7,1712822346000000
96.72,1712822347000000
96.73,1712822348000000
96.72,1712822349000000
96.7,1712822350000000
96.68,1712822351000000
96.67,1712822352000000
96.63,1712822353000000
96.62,1712822354000000
96.6,1712822355000000
96.58,1712822356000000
96.6,1712822357000000
96.6,1712822358000000
96.62,1712822359000000
96.62,1712822360000000
96.63,1712822361000000
96.65,1712822362000000
96.68,1712822363000000
96.73,1712822364000000
96.78,1712822365000000
96.85,1712822366000000
96.92,1712822367000000
96.95,1712822368000000
96.97,1712822369000000
96.97,1712822370000000
96.98,1712822371000000
96.98,1712822372000000
97.0,1712822373000000
97.05,1712822374000000
97.12,1712822375000000
97.2,1712822376000000
97.3,1712822377000000
97.42,1712822378000000
97.53,1712822379000000
97.65,1712822380000000
97.75,1712822381000000
97.85,1712822382000000
97.93,1712822383000000
97.98,1712822384000000
98.02,1712822385000000
98.05,1712822386000000
98.07,1712822387000000
98.1,1712822388000000
98.15,1712822389000000
98.22,1712822390000000
98.3,1712822391000000
98.37,1712822392000000
98.42,1712822393000000
98.48,1712822394000000
98.55,1712822395000000
98.63,1712822396000000
98.73,1712822397000000
98.87,1712822398000000
99.03,1712822399000000
99.23,1712822400000000
99.45,1712822401000000
99.63,1712822402000000
99.77,1712822403000000
99.87,1712822404000000
100.03,1712822405000000
100.2,1712822406000000
100.35,1712822407000000
100.52,1712822408000000
100.7,1712822409000000
100.88,1712822410000000
100.95,1712822411000000
101.03,1712822412000000
101.13,1712822413000000
101.2,1712822414000000
101.25,1712822415000000
101.27,1712822416000000
101.23,1712822417000000
101.18,1712822418000000
101.1,1712822419000000
101.02,1712822420000000
100.93,1712822421000000
100.87,1712822422000000
100.8,1712822423000000
100.72,1712822424000000
100.65,1712822425000000
100.58,1712822426000000
100.52,1712822427000000
100.47,1712822428000000
100.42,1712822429000000
100.38,1712822430000000
100.38,1712822431000000
100.38,1712822432000000
100.4,1712822433000000
100.4,1712822434000000
100.4,1712822435000000
100.42,1712822436000000
100.45,1712822437000000
100.47,1712822438000000
100.48,1712822439000000
100.52,1712822440000000
100.58,1712822441000000
100.63,1712822442000000
100.7,1712822443000000
100.82,1712822444000000
100.93,1712822445000000
100.98,1712822446000000
101.0,1712822447000000
100.95,1712822448000000
100.83,1712822449000000
100.68,1712822450000000
100.5,1712822451000000
100.18,1712822452000000
99.87,1712822453000000
99.53,1712822454000000
99.2,1712822455000000
98.87,1712822456000000
98.52,1712822457000000
98.15,1712822458000000
97.75,1712822459000000
97.32,1712822460000000
96.88,1712822461000000
96.45,1712822462000000
96.05,1712822463000000
95.68,1712822464000000
95.27,1712822465000000
94.87,1712822466000000
94.5,1712822467000000
94.13,1712822468000000
93.78,1712822469000000
93.45,1712822470000000
93.25,1712822471000000
93.05,1712822472000000
92.85,1712822473000000
92.7,1712822474000000
92.53,1712822475000000
92.43,1712822476000000
92.33,1712822477000000
92.27,1712822478000000
92.23,1712822479000000
92.2,1712822480000000
92.15,1712822481000000
92.07,1712822482000000
91.97,1712822483000000
91.88,1712822484000000
91.78,1712822485000000
91.68,1712822486000000
91.6,1712822487000000
91.52,1712822488000000
91.47,1712822489000000
91.42,1712822490000000
91.35,1712822491000000
91.3,1712822492000000
91.22,1712822493000000
91.12,1712822494000000
91.02,1712822495000000
90.88,1712822496000000
90.7,1712822497000000
90.52,1712822498000000
90.32,1712822499000000
90.1,1712822500000000
89.85,1712822501000000
89.62,1712822502000000
89.35,1712822503000000
89.05,1712822504000000
88.77,1712822505000000
88.55,1712822506000000
88.38,1712822507000000
88.25,1712822508000000
88.17,1712822509000000
88.1,1712822510000000
88.07,1712822511000000
88.17,1712822512000000
88.28,1712822513000000
88.4,1712822514000000
88.5,1712822515000000
88.57,1712822516000000
88.63,1712822517000000
88.68,1712822518000000
88.72,1712822519000000
88.75,1712822520000000
88.78,1712822521000000
88.82,1712822522000000
88.85,1712822523000000
88.9,1712822524000000
88.95,1712822525000000
89.0,1712822526000000
89.03,1712822527000000
89.08,1712822528000000
89.15,1712822529000000
89.2,1712822530000000
89.22,1712822531000000
89.23,1712822532000000
89.23,1712822533000000
89.18,1712822534000000
89.17,1712822535000000
89.08,1712822536000000
89.02,1712822537000000
88.93,1712822538000000
88.82,1712822539000000
88.73,1712822540000000
88.65,1712822541000000
88.6,1712822542000000
88.57,1712822543000000
88.55,1712822544000000
88.53,1712822545000000
88.52,1712822546000000
88.48,1712822547000000
88.5,1712822548000000
88.47,1712822549000000
88.42,1712822550000000
88.33,1712822551000000
88.12,1712822552000000
87.88,1712822553000000
87.63,1712822554000000
87.38,1712822555000000
87.15,1712822556000000
86.97,1712822557000000
86.77,1712822558000000
86.55,1712822559000000
86.33,1712822560000000
86.15,1712822561000000
86.03,1712822562000000
85.93,1712822563000000
85.85,1712822564000000
85.75,1712822565000000
85.67,1712822566000000
85.58,1712822567000000
85.57,1712822568000000
85.53,1712822569000000
85.52,1712822570000000
85.42,1712822571000000
85.33,1712822572000000
85.22,1712822573000000
85.08,1712822574000000
84.97,1712822575000000
84.75,1712822576000000
84.53,1712822577000000
84.33,1712822578000000
84.17,1712822579000000
84.0,1712822580000000
83.85,1712822581000000
83.67,1712822582000000
83.5,1712822583000000
83.32,1712822584000000
83.18,1712822585000000
83.0,1712822586000000
82.83,1712822587000000
82.62,1712822588000000
82.45,1712822589000000
82.28,1712822590000000
82.13,1712822591000000
81.93,1712822592000000
81.72,1712822593000000
81.63,1712822594000000
81.47,1712822595000000
81.27,1712822596000000
81.03,1712822597000000
80.78,1712822598000000
80.48,1712822599000000
80.13,1712822600000000
79.77,1712822601000000
79.97,1712822602000000
80.27,1712822603000000
80.52,1712822604000000
80.8,1712822605000000
81.1,1712822606000000
81.42,1712822607000000
81.68,1712822608000000
81.98,1712822609000000
82.28,1712822610000000
82.73,1712822611000000
83.3,1712822612000000
83.9,1712822613000000
84.53,1712822614000000
85.17,1712822615000000
85.78,1712822616000000
86.38,1712822617000000
86.98,1712822618000000
87.62,1712822619000000
88.25,1712822620000000
88.87,1712822621000000
89.42,1712822622000000
89.98,1712822623000000
90.55,1712822624000000
91.13,1712822625000000
91.72,1712822626000000
92.3,1712822627000000
92.83,1712822628000000
93.38,1712822629000000
93.92,1712822630000000
94.52,1712822631000000
95.1,1712822632000000
95.7,1712822633000000
96.32,1712822634000000
96.93,1712822635000000
97.67,1712822636000000
98.4,1712822637000000
99.12,1712822638000000
99.82,1712822639000000
100.5,1712822640000000
101.17,1712822641000000
101.87,1712822642000000
102.55,1712822643000000
103.25,1712822644000000
103.88,1712822645000000
104.58,1712822646000000
105.25,1712822647000000
105.95,1712822648000000
106.58,1712822649000000
107.2,1712822650000000
107.82,1712822651000000
108.45,1712822652000000
109.1,1712822653000000
109.63,1712822654000000
110.25,1712822655000000
110.92,1712822656000000
111.63,1712822657000000
112.37,1712822658000000
113.17,1712822659000000
114.0,1712822660000000
114.85,1712822661000000
115.13,1712822662000000
115.32,1712822663000000
115.52,1712822664000000
115.68,1712822665000000
115.82,1712822666000000
115.93,1712822667000000
116.03,1712822668000000
116.13,1712822669000000
116.27,1712822670000000
116.27,1712822671000000
116.3,1712822672000000
116.35,1712822673000000
116.4,1712822674000000
116.45,1712822675000000
116.5,1712822676000000
116.53,1712822677000000
116.57,1712822678000000
116.57,1712822679000000
116.57,1712822680000000
116.55,1712822681000000
116.55,1712822682000000
116.55,1712822683000000
116.55,1712822684000000
116.55,1712822685000000
116.53,1712822686000000
116.52,1712822687000000
116.5,1712822688000000
116.48,1712822689000000
116.47,1712822690000000
116.45,1712822691000000
116.43,1712822692000000
116.42,1712822693000000
116.42,1712822694000000
116.42,1712822695000000
116.42,1712822696000000
116.42,1712822697000000
116.4,1712822698000000
116.38,1712822699000000
116.4,1712822700000000
116.42,1712822701000000
116.43,1712822702000000
116.45,1712822703000000
116.45,1712822704000000
116.45,1712822705000000
116.43,1712822706000000
116.43,1712822707000000
116.42,1712822708000000
116.38,1712822709000000
116.38,1712822710000000
116.4,1712822711000000
116.43,1712822712000000
116.47,1712822713000000
116.5,1712822714000000
116.53,1712822715000000
116.57,1712822716000000
116.58,1712822717000000
116.6,1712822718000000
116.6,1712822719000000
116.55,1712822720000000
116.48,1712822721000000
116.35,1712822722000000
116.17,1712822723000000
115.98,1712822724000000
115.73,1712822725000000
115.5,1712822726000000
115.27,1712822727000000
115.05,1712822728000000
114.85,1712822729000000
114.63,1712822730000000
114.4,1712822731000000
114.15,1712822732000000
113.85,1712822733000000
113.5,1712822734000000
113.15,1712822735000000
112.77,1712822736000000
112.37,1712822737000000
111.95,1712822738000000
111.53,1712822739000000
111.1,1712822740000000
110.68,1712822741000000
110.23,1712822742000000
109.68,1712822743000000
109.13,1712822744000000
108.57,1712822745000000
108.02,1712822746000000
107.47,1712822747000000
106.95,1712822748000000
106.48,1712822749000000
106.05,1712822750000000
105.62,1712822751000000
105.18,1712822752000000
104.77,1712822753000000
104.33,1712822754000000
103.9,1712822755000000
103.47,1712822756000000
103.02,1712822757000000
102.57,1712822758000000
102.13,1712822759000000
101.65,1712822760000000
101.22,1712822761000000
100.77,1712822762000000
100.33,1712822763000000
99.9,1712822764000000
99.48,1712822765000000
99.07,1712822766000000
98.62,1712822767000000
98.18,1712822768000000
97.75,1712822769000000
97.32,1712822770000000
96.85,1712822771000000
96.4,1712822772000000
95.95,1712822773000000
95.5,1712822774000000
95.05,1712822775000000
94.6,1712822776000000
94.15,1712822777000000
93.7,1712822778000000
93.27,1712822779000000
92.87,1712822780000000
92.48,1712822781000000
92.15,1712822782000000
91.88,1712822783000000
91.63,1712822784000000
91.47,1712822785000000
91.3,1712822786000000
91.13,1712822787000000
90.95,1712822788000000
90.75,1712822789000000
90.55,1712822790000000
90.37,1712822791000000
90.18,1712822792000000
90.05,1712822793000000
89.97,1712822794000000
89.88,1712822795000000
89.83,1712822796000000
89.8,1712822797000000
89.8,1712822798000000
89.82,1712822799000000
89.85,1712822800000000
89.88,1712822801000000
89.93,1712822802000000
90.08,1712822803000000
90.23,1712822804000000
90.38,1712822805000000
90.5,1712822806000000
90.57,1712822807000000
90.6,1712822808000000
90.57,1712822809000000
90.5,1712822810000000
90.42,1712822811000000
90.33,1712822812000000
90.23,1712822813000000
90.15,1712822814000000
90.08,1712822815000000
90.02,1712822816000000
89.97,1712822817000000
89.93,1712822818000000
89.88,1712822819000000
89.85,1712822820000000
89.78,1712822821000000
89.73,1712822822000000
89.67,1712822823000000
89.5,1712822824000000
89.3,1712822825000000
89.08,1712822826000000
88.92,1712822827000000
88.77,1712822828000000
88.63,1712822829000000
88.47,1712822830000000
88.32,1712822831000000
88.17,1712822832000000
88.02,1712822833000000
87.83,1712822834000000
87.63,1712822835000000
87.4,1712822836000000
87.2,1712822837000000
87.03,1712822838000000
86.85,1712822839000000
86.68,1712822840000000
86.47,1712822841000000
86.22,1712822842000000
85.92,1712822843000000
85.67,1712822844000000
85.42,1712822845000000
85.15,1712822846000000
84.9,1712822847000000
84.7,1712822848000000
84.47,1712822849000000
84.23,1712822850000000
84.05,1712822851000000
83.85,1712822852000000
83.65,1712822853000000
83.48,1712822854000000
83.3,1712822855000000
83.1,1712822856000000
82.9,1712822857000000
82.75,1712822858000000
82.57,1712822859000000
82.38,1712822860000000
82.22,1712822861000000
82.03,1712822862000000
81.98,1712822863000000
81.83,1712822864000000
81.62,1712822865000000
81.47,1712822866000000
81.35,1712822867000000
81.25,1712822868000000
81.13,1712822869000000
81.18,1712822870000000
81.22,1712822871000000
81.2,1712822872000000
81.2,1712822873000000
81.2,1712822874000000
81.13,1712822875000000
81.1,1712822876000000
81.05,1712822877000000
80.98,1712822878000000
80.93,1712822879000000
80.88,1712822880000000
80.8,1712822881000000
80.68,1712822882000000
80.55,1712822883000000
80.5,1712822884000000
80.43,1712822885000000
80.38,1712822886000000
80.32,1712822887000000
80.23,1712822888000000
80.17,1712822889000000
80.1,1712822890000000
80.03,1712822891000000
79.95,1712822892000000
79.87,1712822893000000
79.85,1712822894000000
79.85,1712822895000000
79.88,1712822896000000
79.88,1712822897000000
79.82,1712822898000000
79.78,1712822899000000
79.75,1712822900000000
79.82,1712822901000000
79.92,1712822902000000
80.07,1712822903000000
80.3,1712822904000000
80.47,1712822905000000
80.63,1712822906000000
80.77,1712822907000000
80.82,1712822908000000
80.88,1712822909000000
80.92,1712822910000000
80.85,1712822911000000
80.8,1712822912000000
80.72,1712822913000000
80.6,1712822914000000
80.5,1712822915000000
80.42,1712822916000000
80.33,1712822917000000
80.2,1712822918000000
80.1,1712822919000000
80.0,1712822920000000
79.88,1712822921000000
79.78,1712822922000000
79.55,1712822923000000
79.42,1712822924000000
79.45,1712822925000000
79.43,1712822926000000
79.42,1712822927000000
79.38,1712822928000000
79.35,1712822929000000
79.12,1712822930000000
79.03,1712822931000000
79.33,1712822932000000
79.62,1712822933000000
79.87,1712822934000000
80.12,1712822935000000
80.35,1712822936000000
80.5,1712822937000000
80.67,1712822938000000
80.83,1712822939000000
80.98,1712822940000000
81.17,1712822941000000
81.4,1712822942000000
81.63,1712822943000000
81.9,1712822944000000
82.17,1712822945000000
82.42,1712822946000000
82.53,1712822947000000
82.65,1712822948000000
82.75,1712822949000000
83.18,1712822950000000
83.72,1712822951000000
84.23,1712822952000000
84.72,1712822953000000
85.17,1712822954000000
85.67,1712822955000000
86.17,1712822956000000
86.68,1712822957000000
87.25,1712822958000000
87.78,1712822959000000
88.32,1712822960000000
88.83,1712822961000000
89.33,1712822962000000
89.83,1712822963000000
90.18,1712822964000000
90.63,1712822965000000
91.1,1712822966000000
91.62,1712822967000000
92.12,1712822968000000
92.68,1712822969000000
93.28,1712822970000000
93.93,1712822971000000
94.62,1712822972000000
95.37,1712822973000000
96.05,1712822974000000
96.73,1712822975000000
97.42,1712822976000000
98.07,1712822977000000
98.7,1712822978000000
99.28,1712822979000000
99.9,1712822980000000
100.43,1712822981000000
100.97,1712822982000000
101.47,1712822983000000
101.97,1712822984000000
102.38,1712822985000000
102.75,1712822986000000
103.15,1712822987000000
103.52,1712822988000000
103.98,1712822989000000
104.4,1712822990000000
104.78,1712822991000000
104.77,1712822992000000
104.68,1712822993000000
104.63,1712822994000000
104.65,1712822995000000
104.65,1712822996000000
104.8,1712822997000000
104.97,1712822998000000
105.05,1712822999000000
105.22,1712823000000000
105.3,1712823001000000
105.4,1712823002000000
105.5,1712823003000000
105.53,1712823004000000
105.57,1712823005000000
105.63,1712823006000000
105.83,1712823007000000
106.05,1712823008000000
106.27,1712823009000000
106.15,1712823010000000
105.7,1712823011000000
105.15,1712823012000000
104.68,1712823013000000
104.3,1712823014000000
103.82,1712823015000000
103.68,1712823016000000
103.37,1712823017000000
103.1,1712823018000000
102.92,1712823019000000
102.75,1712823020000000
102.72,1712823021000000
102.88,1712823022000000
103.03,1712823023000000
103.38,1712823024000000
103.65,1712823025000000
103.88,1712823026000000
104.05,1712823027000000
104.27,1712823028000000
104.42,1712823029000000
104.53,1712823030000000
104.63,1712823031000000
104.68,1712823032000000
104.68,1712823033000000
104.75,1712823034000000
104.82,1712823035000000
104.88,1712823036000000
104.98,1712823037000000
105.08,1712823038000000
105.22,1712823039000000
105.32,1712823040000000
105.48,1712823041000000
105.63,1712823042000000
105.82,1712823043000000
106.0,1712823044000000
106.17,1712823045000000
106.37,1712823046000000
106.52,1712823047000000
106.7,1712823048000000
106.77,1712823049000000
106.88,1712823050000000
106.9,1712823051000000
106.97,1712823052000000
107.12,1712823053000000
107.25,1712823054000000
107.38,1712823055000000
107.53,1712823056000000
107.63,1712823057000000
107.72,1712823058000000
107.85,1712823059000000
107.93,1712823060000000
108.08,1712823061000000
108.2,1712823062000000
108.33,1712823063000000
108.52,1712823064000000
108.73,1712823065000000
108.93,1712823066000000
109.12,1712823067000000
109.28,1712823068000000
109.43,1712823069000000
109.6,1712823070000000
110.0,1712823071000000
110.52,1712823072000000
110.97,1712823073000000
111.33,1712823074000000
111.73,1712823075000000
111.78,1712823076000000
111.98,1712823077000000
112.12,1712823078000000
112.18,1712823079000000
112.22,1712823080000000
112.08,1712823081000000
111.77,1712823082000000
111.43,1712823083000000
110.92,1712823084000000
110.43,1712823085000000
109.98,1712823086000000
109.55,1712823087000000
109.13,1712823088000000
108.73,1712823089000000
108.37,1712823090000000
108.02,1712823091000000
107.68,1712823092000000
107.35,1712823093000000
107.05,1712823094000000
106.77,1712823095000000
106.48,1712823096000000
106.18,1712823097000000
105.9,1712823098000000
105.6,1712823099000000
105.27,1712823100000000
104.95,1712823101000000
104.65,1712823102000000
104.35,1712823103000000
104.1,1712823104000000
103.88,1712823105000000
103.72,1712823106000000
103.6,1712823107000000
103.5,1712823108000000
103.48,1712823109000000
103.5,1712823110000000
103.55,1712823111000000
103.6,1712823112000000
103.63,1712823113000000
103.65,1712823114000000
103.62,1712823115000000
103.57,1712823116000000
103.5,1712823117000000
103.43,1712823118000000
103.37,1712823119000000
103.32,1712823120000000
103.27,1712823121000000
103.22,1712823122000000
103.17,1712823123000000
103.12,1712823124000000
103.07,1712823125000000
103.02,1712823126000000
102.98,1712823127000000
102.95,1712823128000000
102.93,1712823129000000
102.9,1712823130000000
102.88,1712823131000000
102.88,1712823132000000
102.9,1712823133000000
102.87,1712823134000000
102.83,1712823135000000
102.78,1712823136000000
102.73,1712823137000000
102.7,1712823138000000
102.48,1712823139000000
102.28,1712823140000000
102.1,1712823141000000
101.97,1712823142000000
101.83,1712823143000000
101.63,1712823144000000
101.45,1712823145000000
101.2,1712823146000000
101.05,1712823147000000
100.98,1712823148000000
100.85,1712823149000000
100.77,1712823150000000
100.7,1712823151000000
100.55,1712823152000000
100.47,1712823153000000
100.33,1712823154000000
100.2,1712823155000000
100.03,1712823156000000
99.73,1712823157000000
99.45,1712823158000000
99.2,1712823159000000
99.0,1712823160000000
98.78,1712823161000000
98.57,1712823162000000
98.35,1712823163000000
98.08,1712823164000000
97.82,1712823165000000
97.52,1712823166000000
97.2,1712823167000000
96.87,1712823168000000
96.5,1712823169000000
96.15,1712823170000000
95.77,1712823171000000
95.38,1712823172000000
95.0,1712823173000000
94.65,1712823174000000
94.33,1712823175000000
94.03,1712823176000000
93.75,1712823177000000
93.43,1712823178000000
93.13,1712823179000000
92.83,1712823180000000
92.53,1712823181000000
92.18,1712823182000000
91.85,1712823183000000
91.52,1712823184000000
91.18,1712823185000000
90.88,1712823186000000
90.57,1712823187000000
90.25,1712823188000000
89.95,1712823189000000
89.68,1712823190000000
89.43,1712823191000000
89.13,1712823192000000
88.83,1712823193000000
88.58,1712823194000000
88.35,1712823195000000
88.13,1712823196000000
87.92,1712823197000000
87.72,1712823198000000
87.68,1712823199000000
87.63,1712823200000000
87.6,1712823201000000
87.52,1712823202000000
87.45,1712823203000000
87.47,1712823204000000
87.45,1712823205000000
87.5,1712823206000000
87.48,1712823207000000
87.4,1712823208000000
87.38,1712823209000000
87.28,1712823210000000
87.17,1712823211000000
87.13,1712823212000000
87.03,1712823213000000
86.95,1712823214000000
86.83,1712823215000000
86.65,1712823216000000
86.62,1712823217000000
86.6,1712823218000000
86.6,1712823219000000
86.6,1712823220000000
86.7,1712823221000000
86.85,1712823222000000
87.05,1712823223000000
87.23,1712823224000000
87.4,1712823225000000
87.55,1712823226000000
87.7,1712823227000000
87.72,1712823228000000
87.73,1712823229000000
87.77,1712823230000000
87.83,1712823231000000
87.88,1712823232000000
87.9,1712823233000000
87.95,1712823234000000
88.02,1712823235000000
88.07,1712823236000000
88.12,1712823237000000
88.2,1712823238000000
88.25,1712823239000000
88.32,1712823240000000
88.35,1712823241000000
88.47,1712823242000000
88.57,1712823243000000
88.67,1712823244000000
88.77,1712823245000000
88.83,1712823246000000
88.9,1712823247000000
88.97,1712823248000000
89.0,1712823249000000
89.02,1712823250000000
89.0,1712823251000000
89.02,1712823252000000
89.03,1712823253000000
89.05,1712823254000000
89.05,1712823255000000
89.03,1712823256000000
89.05,1712823257000000
89.03,1712823258000000
89.03,1712823259000000
89.02,1712823260000000
89.0,1712823261000000
88.97,1712823262000000
88.98,1712823263000000
88.98,1712823264000000
89.0,1712823265000000
89.02,1712823266000000
89.02,1712823267000000
89.02,1712823268000000
89.0,1712823269000000
89.02,1712823270000000
89.02,1712823271000000
89.02,1712823272000000
89.02,1712823273000000
88.98,1712823274000000
88.95,1712823275000000
89.05,1712823276000000
89.1,1712823277000000
89.15,1712823278000000
89.17,1712823279000000
89.17,1712823280000000
89.1,1712823281000000
89.0,1712823282000000
88.87,1712823283000000
88.75,1712823284000000
88.63,1712823285000000
88.53,1712823286000000
88.45,1712823287000000
88.5,1712823288000000
88.53,1712823289000000
88.55,1712823290000000
88.58,1712823291000000
88.65,1712823292000000
88.75,1712823293000000
88.8,1712823294000000
88.88,1712823295000000
88.98,1712823296000000
89.05,1712823297000000
89.15,1712823298000000
89.27,1712823299000000
89.37,1712823300000000
89.52,1712823301000000
89.7,1712823302000000
89.88,1712823303000000
89.98,1712823304000000
90.12,1712823305000000
90.25,1712823306000000
90.4,1712823307000000
