timestamp,duration
1712819510406250,968750
1712819511312500,906250
1712819512250000,937500
1712819513265625,1015625
1712819514250000,984375
1712819515171875,921875
1712819516171875,1000000
1712819517125000,953125
1712819518031250,906250
1712819518984375,953125
1712819519984375,1000000
1712819542937500,828125
1712819543718750,781250
1712819544515625,796875
1712819560859375,843750
1712819561687500,828125
1712819562453125,765625
1712819563328125,875000
1712819564171875,843750
1712819564937500,765625
1712819576703125,703125
1712819577375000,671875
1712819578109375,734375
1712819578781250,671875
1712819579453125,671875
1712819597281250,703125
1712819597984375,703125
1712819598750000,765625
1712819599578125,828125
1712819600343750,765625
1712819601171875,828125
1712819602031250,859375
1712819602859375,828125
1712819603671875,812500
1712819604484375,812500
1712819605218750,734375
1712819605984375,765625
1712819606812500,828125
1712819607593750,781250
1712819608390625,796875
1712819609234375,843750
1712819610000000,765625
1712819610796875,796875
1712819611671875,875000
1712819612531250,859375
1712819613296875,765625
1712819614125000,828125
1712819614968750,843750
1712819626109375,781250
1712819626906250,796875
1712819627734375,828125
1712819628515625,781250
1712819629375000,859375
1712819630281250,906250
1712819631140625,859375
1712819632000000,859375
1712819632906250,906250
1712819633828125,921875
1712819634687500,859375
1712819635546875,859375
1712819636390625,843750
1712819637234375,843750
1712819638000000,765625
1712819638718750,718750
1712819639484375,765625
1712819640312500,828125
1712819641187500,875000
1712819642046875,859375
1712819642859375,812500
1712819643640625,781250
1712819644453125,812500
1712819645281250,828125
1712819646125000,843750
1712819646890625,765625
1712819647671875,781250
1712819648468750,796875
1712819649312500,843750
1712819650125000,812500
1712819650953125,828125
1712819651812500,859375
1712819652687500,875000
1712819653500000,812500
1712819654312500,812500
1712819655156250,843750
1712819655984375,828125
1712819656765625,781250
1712819657484375,718750
1712819658250000,765625
1712819659031250,781250
1712819659828125,796875
1712819660562500,734375
1712819661328125,765625
1712819662140625,812500
1712819663000000,859375
1712819663828125,828125
1712819664609375,781250
1712819665406250,796875
1712819666187500,781250
1712819666953125,765625
1712819667656250,703125
1712819668375000,718750
1712819669109375,734375
1712819669843750,734375
1712819670531250,687500
1712819671187500,656250
1712819671906250,718750
1712819672609375,703125
1712819673328125,718750
1712819673984375,656250
1712819674703125,718750
1712819675437500,734375
1712819676218750,781250
1712819676968750,750000
1712819677671875,703125
1712819678406250,734375
1712819679187500,781250
1712819679953125,765625
1712819680656250,703125
1712819681328125,671875
1712819682031250,703125
1712819682734375,703125
1712819683468750,734375
1712819684156250,687500
1712819684828125,671875
1712819685546875,718750
1712819686328125,781250
1712819687125000,796875
1712819687890625,765625
1712819688609375,718750
1712819689406250,796875
1712819690250000,843750
1712819691078125,828125
1712819691828125,750000
1712819692578125,750000
1712819693359375,781250
1712819694171875,812500
1712819694953125,781250
1712819695671875,718750
1712819696421875,750000
1712819697187500,765625
1712819697984375,796875
1712819698765625,781250
1712819699468750,703125
1712819700218750,750000
1712819700984375,765625
1712819701781250,796875
1712819702515625,734375
1712819703218750,703125
1712819703953125,734375
1712819704703125,750000
1712819705484375,781250
1712819706203125,718750
1712819706937500,734375
1712819707656250,718750
1712819708328125,671875
1712819708968750,640625
1712819709578125,609375
1712819710250000,671875
1712819710968750,718750
1712819711750000,781250
1712819712468750,718750
1712819713218750,750000
1712819714000000,781250
1712819714812500,812500
1712819715578125,765625
1712819716312500,734375
1712819717109375,796875
1712819717906250,796875
1712819718718750,812500
1712819719484375,765625
1712819720343750,859375
1712819721234375,890625
1712819722109375,875000
1712819722890625,781250
1712819723718750,828125
1712819724578125,859375
1712819725390625,812500
1712819726109375,718750
1712819726875000,765625
1712819727671875,796875
1712819728437500,765625
1712819729140625,703125
1712819729921875,781250
1712819730734375,812500
1712819731484375,750000
1712819732265625,781250
1712819733062500,796875
1712819733890625,828125
1712819734640625,750000
1712819735390625,750000
1712819736156250,765625
1712819736937500,781250
1712819737640625,703125
1712819738375000,734375
1712819739093750,718750
1712819739828125,734375
1712819740515625,687500
1712819741218750,703125
1712819741968750,750000
1712819742734375,765625
1712819743421875,687500
1712819744140625,718750
1712819744859375,718750
1712819745593750,734375
1712819746343750,750000
1712819747031250,687500
1712819747718750,687500
1712819748437500,718750
1712819749187500,750000
1712819749968750,781250
1712819750703125,734375
1712819751453125,750000
1712819752265625,812500
1712819753109375,843750
1712819753921875,812500
1712819754671875,750000
1712819755468750,796875
1712819756281250,812500
1712819757109375,828125
1712819757828125,718750
1712819758562500,734375
1712819759343750,781250
1712819760156250,812500
1712819760921875,765625
1712819761640625,718750
1712819762406250,765625
1712819763171875,765625
1712819763937500,765625
1712819764640625,703125
1712819765390625,750000
1712819766171875,781250
1712819766937500,765625
1712819767656250,718750
1712819768406250,750000
1712819769187500,781250
1712819769937500,750000
1712819770640625,703125
1712819771390625,750000
1712819772187500,796875
1712819773000000,812500
1712819773703125,703125
1712819774437500,734375
1712819775171875,734375
1712819775921875,750000
1712819776593750,671875
1712819777296875,703125
1712819778031250,734375
1712819778781250,750000
1712819779484375,703125
1712819780156250,671875
1712819780859375,703125
1712819781609375,750000
1712819782328125,718750
1712819783015625,687500
1712819783765625,750000
1712819784546875,781250
1712819785296875,750000
1712819786015625,718750
1712819786781250,765625
1712819787593750,812500
1712819788375000,781250
1712819789078125,703125
1712819789796875,718750
1712819790531250,734375
1712819791281250,750000
1712819791984375,703125
1712819792687500,703125
1712819793406250,718750
1712819794171875,765625
1712819794890625,718750
1712819795578125,687500
1712819796328125,750000
1712819797109375,781250
1712819797843750,734375
1712819798531250,687500
1712819799265625,734375
1712819800031250,765625
1712819800781250,750000
1712819801468750,687500
1712819802187500,718750
1712819802906250,718750
1712819803656250,750000
1712819804328125,671875
1712819805000000,671875
1712819805703125,703125
1712819806437500,734375
1712819807125000,687500
1712819807812500,687500
1712819808515625,703125
1712819809265625,750000
1712819809968750,703125
1712819810640625,671875
1712819811328125,687500
1712819812031250,703125
1712819812734375,703125
1712819813390625,656250
1712819814062500,671875
1712819814750000,687500
1712819815453125,703125
1712819816140625,687500
1712819816781250,640625
1712819817453125,671875
1712819818125000,671875
1712819818843750,718750
1712819819531250,687500
1712819820187500,656250
1712819820906250,718750
1712819821656250,750000
1712819822437500,781250
1712819823156250,718750
1712819823859375,703125
1712819824593750,734375
1712819825328125,734375
1712819826046875,718750
1712819826734375,687500
1712819827453125,718750
1712819828203125,750000
1712819828984375,781250
1712819829703125,718750
1712819830375000,671875
1712819831109375,734375
1712819831843750,734375
1712819832593750,750000
1712819833265625,671875
1712819833968750,703125
1712819834687500,718750
1712819835421875,734375
1712819836125000,703125
1712819836812500,687500
1712819837546875,734375
1712819838328125,781250
1712819839062500,734375
1712819839781250,718750
1712819840515625,734375
1712819841203125,687500
1712819841859375,656250
1712819842500000,640625
1712819843156250,656250
1712819843812500,656250
1712819844484375,671875
1712819845109375,625000
1712819845750000,640625
1712819846421875,671875
1712819847109375,687500
1712819847750000,640625
1712819848390625,640625
1712819849078125,687500
1712819849765625,687500
1712819850421875,656250
1712819851046875,625000
1712819851640625,593750
1712819852234375,593750
1712819852875000,640625
1712819853578125,703125
1712819854250000,671875
1712819854921875,671875
1712819855671875,750000
1712819856484375,812500
1712819857328125,843750
1712819858078125,750000
1712819858859375,781250
1712819859703125,843750
1712819860531250,828125
1712819861296875,765625
1712819862078125,781250
1712819862890625,812500
1712819863734375,843750
1712819864515625,781250
1712819865312500,796875
1712819866140625,828125
1712819867000000,859375
1712819867765625,765625
1712819868578125,812500
1712819869421875,843750
1712819870296875,875000
1712819871093750,796875
1712819871875000,781250
1712819872703125,828125
1712819873578125,875000
1712819874375000,796875
1712819875171875,796875
1712819876015625,843750
1712819876828125,812500
1712819877562500,734375
1712819878250000,687500
1712819879015625,765625
1712819879828125,812500
1712819880609375,781250
1712819881359375,750000
1712819882171875,812500
1712819883046875,875000
1712819883828125,781250
1712819884640625,812500
1712819885484375,843750
1712819886328125,843750
1712819887031250,703125
1712819887750000,718750
1712819888468750,718750
1712819889187500,718750
1712819889875000,687500
1712819890562500,687500
1712819891281250,718750
1712819892046875,765625
1712819892750000,703125
1712819893453125,703125
1712819894218750,765625
1712819895000000,781250
1712819895703125,703125
1712819896437500,734375
1712819897187500,750000
1712819897968750,781250
1712819898687500,718750
1712819899375000,687500
1712819900109375,734375
1712819900843750,734375
1712819901562500,718750
1712819902250000,687500
1712819903000000,750000
1712819903796875,796875
1712819904578125,781250
1712819905296875,718750
1712819906062500,765625
1712819906859375,796875
1712819907671875,812500
1712819908484375,812500
1712819909171875,687500
1712819909875000,703125
1712819910562500,687500
1712819911296875,734375
1712819912000000,703125
1712819912687500,687500
1712819913437500,750000
1712819914218750,781250
1712819914953125,734375
1712819915671875,718750
1712819916421875,750000
1712819917187500,765625
1712819917875000,687500
1712819918531250,656250
1712819919218750,687500
1712819919921875,703125
1712819920640625,718750
1712819921312500,671875
1712819921984375,671875
1712819922703125,718750
1712819923406250,703125
1712819924093750,687500
1712819924750000,656250
1712819925437500,687500
1712819926140625,703125
1712819926843750,703125
1712819927484375,640625
1712819928156250,671875
1712819928859375,703125
1712819929578125,718750
1712819930312500,734375
1712819931000000,687500
1712819931718750,718750
1712819932484375,765625
1712819933265625,781250
1712819934015625,750000
1712819934765625,750000
1712819935515625,750000
1712819936296875,781250
1712819937000000,703125
1712819937734375,734375
1712819938500000,765625
1712819939296875,796875
1712819940000000,703125
1712819940703125,703125
1712819941390625,687500
1712819942093750,703125
1712819942765625,671875
1712819943406250,640625
1712819944062500,656250
1712819944718750,656250
1712819945343750,625000
1712819945984375,640625
1712819946656250,671875
1712819947375000,718750
1712819948109375,734375
1712819948781250,671875
1712819949484375,703125
1712819950171875,687500
1712819950843750,671875
1712819951468750,625000
1712819952093750,625000
1712819952734375,640625
1712819953390625,656250
1712819954062500,671875
1712819954703125,640625
1712819955359375,656250
1712819956062500,703125
1712819956781250,718750
1712819957453125,671875
1712819958093750,640625
1712819958703125,609375
1712819959328125,625000
1712819960000000,671875
1712819960734375,734375
1712819961421875,687500
1712819962125000,703125
1712819962859375,734375
1712819963609375,750000
1712819964312500,703125
1712819965015625,703125
1712819965765625,750000
1712819966531250,765625
1712819967312500,781250
1712819968046875,734375
1712819968843750,796875
1712819969687500,843750
1712819970515625,828125
1712819971265625,750000
1712819972046875,781250
1712819972875000,828125
1712819973656250,781250
1712819974468750,812500
1712819975296875,828125
1712819976140625,843750
1712819976921875,781250
1712819977703125,781250
1712819978515625,812500
1712819979343750,828125
1712819980125000,781250
1712819980890625,765625
1712819981671875,781250
1712819982468750,796875
1712819983171875,703125
1712819983875000,703125
1712819984609375,734375
1712819985343750,734375
1712819986031250,687500
1712819986750000,718750
1712819987515625,765625
1712819988265625,750000
1712819988984375,718750
1712819989765625,781250
1712819990578125,812500
1712819991359375,781250
1712819992109375,750000
1712819992875000,765625
1712819993640625,765625
1712819994359375,718750
1712819995046875,687500
1712819995765625,718750
1712819996500000,734375
1712819997218750,718750
1712819997906250,687500
1712819998640625,734375
1712819999406250,765625
1712820000187500,781250
1712820000890625,703125
1712820001609375,718750
1712820002328125,718750
1712820003031250,703125
1712820003687500,656250
1712820004312500,625000
1712820004953125,640625
1712820005625000,671875
1712820006328125,703125
1712820007000000,671875
1712820007656250,656250
1712820008359375,703125
1712820009093750,734375
1712820009812500,718750
1712820010484375,671875
1712820011171875,687500
1712820011890625,718750
1712820012578125,687500
1712820013218750,640625
1712820013875000,656250
1712820014562500,687500
1712820015281250,718750
1712820015953125,671875
1712820016640625,687500
1712820017343750,703125
1712820018046875,703125
1712820018703125,656250
1712820019328125,625000
1712820019953125,625000
1712820020593750,640625
1712820021265625,671875
1712820022015625,750000
1712820022734375,718750
1712820023437500,703125
1712820024187500,750000
1712820024953125,765625
1712820025687500,734375
1712820026406250,718750
1712820027156250,750000
1712820027906250,750000
1712820028625000,718750
1712820029343750,718750
1712820030078125,734375
1712820030828125,750000
1712820031515625,687500
1712820032218750,703125
1712820032953125,734375
1712820033687500,734375
1712820034421875,734375
1712820035109375,687500
1712820035843750,734375
1712820036593750,750000
1712820037312500,718750
1712820037984375,671875
1712820038671875,687500
1712820039359375,687500
1712820040046875,687500
1712820040703125,656250
1712820041343750,640625
1712820042031250,687500
1712820042734375,703125
1712820043468750,734375
1712820044156250,687500
1712820044828125,671875
1712820045546875,718750
1712820046265625,718750
1712820046953125,687500
1712820047593750,640625
1712820048265625,671875
1712820048937500,671875
1712820049593750,656250
1712820050218750,625000
1712820050828125,609375
1712820051437500,609375
1712820052078125,640625
1712820052718750,640625
1712820053375000,656250
1712820054031250,656250
1712820054718750,687500
1712820055468750,750000
1712820056187500,718750
1712820056875000,687500
1712820057578125,703125
1712820058296875,718750
1712820058984375,687500
1712820059625000,640625
1712820060296875,671875
1712820060984375,687500
1712820061671875,687500
1712820062312500,640625
1712820062968750,656250
1712820063640625,671875
1712820064359375,718750
1712820065046875,687500
1712820065796875,750000
1712820066578125,781250
1712820067375000,796875
1712820068109375,734375
1712820068828125,718750
1712820069562500,734375
1712820070312500,750000
1712820071046875,734375
1712820071750000,703125
1712820072500000,750000
1712820073281250,781250
1712820074015625,734375
1712820074734375,718750
1712820075468750,734375
1712820076234375,765625
1712820076984375,750000
1712820077703125,718750
1712820078484375,781250
1712820079328125,843750
1712820080203125,875000
1712820081015625,812500
1712820081765625,750000
1712820082562500,796875
1712820083359375,796875
1712820084093750,734375
1712820084812500,718750
1712820085562500,750000
1712820086359375,796875
1712820087062500,703125
1712820087812500,750000
1712820088578125,765625
1712820089328125,750000
1712820090031250,703125
1712820090734375,703125
1712820091484375,750000
1712820092218750,734375
1712820092906250,687500
1712820093640625,734375
1712820094421875,781250
1712820095171875,750000
1712820095875000,703125
1712820096593750,718750
1712820097312500,718750
1712820098031250,718750
1712820098703125,671875
1712820099375000,671875
1712820100093750,718750
1712820100859375,765625
1712820101593750,734375
1712820102281250,687500
1712820103015625,734375
1712820103796875,781250
1712820104562500,765625
1712820105281250,718750
1712820106046875,765625
1712820106828125,781250
1712820107609375,781250
1712820108312500,703125
1712820109000000,687500
1712820109734375,734375
1712820110500000,765625
1712820111203125,703125
1712820111875000,671875
1712820112578125,703125
1712820113250000,671875
1712820113890625,640625
1712820114500000,609375
1712820115109375,609375
1712820115765625,656250
1712820116421875,656250
1712820117062500,640625
1712820117718750,656250
1712820118390625,671875
1712820119078125,687500
1712820119718750,640625
1712820120375000,656250
1712820121046875,671875
1712820121750000,703125
1712820122406250,656250
1712820123093750,687500
1712820123828125,734375
1712820124578125,750000
1712820125281250,703125
1712820126015625,734375
1712820126765625,750000
1712820127468750,703125
1712820128125000,656250
1712820128812500,687500
1712820129484375,671875
1712820130125000,640625
1712820130765625,640625
1712820131421875,656250
1712820132109375,687500
1712820132734375,625000
1712820133390625,656250
1712820134078125,687500
1712820134734375,656250
1712820135375000,640625
1712820136031250,656250
1712820136687500,656250
1712820137312500,625000
1712820137937500,625000
1712820138562500,625000
1712820139171875,609375
1712820139750000,578125
1712820140328125,578125
1712820140906250,578125
1712820141453125,546875
1712820142000000,546875
1712820142546875,546875
1712820143093750,546875
1712820143640625,546875
1712820144203125,562500
1712820144734375,531250
1712820145296875,562500
1712820145843750,546875
1712820146390625,546875
1712820146937500,546875
1712820147468750,531250
1712820148015625,546875
1712820148531250,515625
1712820149078125,546875
1712820149609375,531250
1712820150140625,531250
1712820150671875,531250
1712820151187500,515625
1712820151703125,515625
1712820152218750,515625
1712820152734375,515625
1712820153234375,500000
1712820153750000,515625
1712820154265625,515625
1712820154781250,515625
1712820155281250,500000
1712820155796875,515625
1712820156312500,515625
1712820156843750,531250
1712820157359375,515625
1712820157875000,515625
1712820158375000,500000
1712820158906250,531250
1712820159421875,515625
1712820159921875,500000
1712820160421875,500000
1712820160921875,500000
1712820161421875,500000
1712820161921875,500000
1712820162406250,484375
1712820162921875,515625
1712820163421875,500000
1712820163921875,500000
1712820164437500,515625
1712820164937500,500000
1712820165453125,515625
1712820165968750,515625
1712820166484375,515625
1712820167000000,515625
1712820167515625,515625
1712820168031250,515625
1712820168531250,500000
1712820169046875,515625
1712820169562500,515625
1712820170078125,515625
1712820170593750,515625
1712820171078125,484375
1712820171593750,515625
1712820172109375,515625
1712820172609375,500000
1712820173109375,500000
1712820173625000,515625
1712820174125000,500000
1712820174671875,546875
1712820175187500,515625
1712820175718750,531250
1712820176234375,515625
1712820176765625,531250
1712820177281250,515625
1712820177796875,515625
1712820178328125,531250
1712820178843750,515625
1712820179375000,531250
1712820179921875,546875
1712820180453125,531250
1712820181000000,546875
1712820181578125,578125
1712820182140625,562500
1712820182703125,562500
1712820183265625,562500
1712820183859375,593750
1712820184421875,562500
1712820184984375,562500
1712820185531250,546875
1712820186125000,593750
1712820186703125,578125
1712820187265625,562500
1712820187859375,593750
1712820188453125,593750
1712820189046875,593750
1712820189593750,546875
1712820190171875,578125
1712820190734375,562500
1712820191328125,593750
1712820191890625,562500
1712820192468750,578125
1712820193046875,578125
1712820193640625,593750
1712820194218750,578125
1712820194812500,593750
1712820195421875,609375
1712820196000000,578125
1712820196578125,578125
1712820197140625,562500
1712820197718750,578125
1712820198296875,578125
1712820198859375,562500
1712820199437500,578125
1712820200046875,609375
1712820200640625,593750
1712820201234375,593750
1712820201875000,640625
1712820202546875,671875
1712820203171875,625000
1712820203781250,609375
1712820204359375,578125
1712820204937500,578125
1712820205468750,531250
1712820206000000,531250
1712820206531250,531250
1712820207093750,562500
1712820207671875,578125
1712820208234375,562500
1712820208812500,578125
1712820209421875,609375
1712820210031250,609375
1712820210625000,593750
1712820211265625,640625
1712820211937500,671875
1712820212578125,640625
1712820213203125,625000
1712820213828125,625000
1712820214453125,625000
1712820215046875,593750
1712820215609375,562500
1712820216203125,593750
1712820216781250,578125
1712820217359375,578125
1712820217953125,593750
1712820218609375,656250
1712820219250000,640625
1712820219890625,640625
1712820220546875,656250
1712820221203125,656250
1712820221828125,625000
1712820222453125,625000
1712820223046875,593750
1712820223671875,625000
1712820224265625,593750
1712820224875000,609375
1712820225484375,609375
1712820226125000,640625
1712820226734375,609375
1712820227359375,625000
1712820228000000,640625
1712820228609375,609375
1712820229203125,593750
1712820229812500,609375
1712820230421875,609375
1712820231015625,593750
1712820231625000,609375
1712820232234375,609375
1712820232890625,656250
1712820233531250,640625
1712820234140625,609375
1712820234781250,640625
1712820235453125,671875
1712820236078125,625000
1712820236687500,609375
1712820237328125,640625
1712820238000000,671875
1712820238625000,625000
1712820239265625,640625
1712820239921875,656250
1712820240593750,671875
1712820241250000,656250
1712820241906250,656250
1712820242578125,671875
1712820243250000,671875
1712820243875000,625000
1712820244500000,625000
1712820245140625,640625
1712820245765625,625000
1712820246390625,625000
1712820247078125,687500
1712820247765625,687500
1712820248390625,625000
1712820249015625,625000
1712820249640625,625000
1712820250250000,609375
1712820250843750,593750
1712820251453125,609375
1712820252093750,640625
1712820252718750,625000
1712820253328125,609375
1712820253968750,640625
1712820254640625,671875
1712820255250000,609375
1712820255890625,640625
1712820256546875,656250
1712820257203125,656250
1712820257796875,593750
1712820258390625,593750
1712820258968750,578125
1712820259578125,609375
1712820260156250,578125
1712820260734375,578125
1712820261359375,625000
1712820262015625,656250
1712820262625000,609375
1712820263265625,640625
1712820263953125,687500
1712820264593750,640625
1712820265218750,625000
1712820265859375,640625
1712820266546875,687500
1712820267187500,640625
1712820267812500,625000
1712820268437500,625000
1712820269046875,609375
1712820269656250,609375
1712820270281250,625000
1712820270937500,656250
1712820271562500,625000
1712820272125000,562500
1712820272687500,562500
1712820273250000,562500
1712820273828125,578125
1712820274390625,562500
1712820274968750,578125
1712820275562500,593750
1712820276218750,656250
1712820276843750,625000
1712820277468750,625000
1712820278125000,656250
1712820278765625,640625
1712820279343750,578125
1712820279937500,593750
1712820280515625,578125
1712820281109375,593750
1712820281671875,562500
1712820282265625,593750
1712820282875000,609375
1712820283546875,671875
1712820284187500,640625
1712820284843750,656250
1712820285515625,671875
1712820286203125,687500
1712820286875000,671875
1712820287578125,703125
1712820288312500,734375
1712820289000000,687500
1712820289671875,671875
1712820290390625,718750
1712820291125000,734375
1712820291812500,687500
1712820292468750,656250
1712820293140625,671875
1712820293812500,671875
1712820294437500,625000
1712820295062500,625000
1712820295671875,609375
1712820296296875,625000
1712820296890625,593750
1712820297515625,625000
1712820298187500,671875
1712820298843750,656250
1712820299515625,671875
1712820300234375,718750
1712820300953125,718750
1712820301625000,671875
1712820302281250,656250
1712820302953125,671875
1712820303625000,671875
1712820304265625,640625
1712820304953125,687500
1712820305687500,734375
1712820306406250,718750
1712820307140625,734375
1712820307968750,828125
1712820308734375,765625
1712820309421875,687500
1712820310156250,734375
1712820310921875,765625
1712820311609375,687500
1712820312359375,750000
1712820313156250,796875
1712820313968750,812500
1712820314656250,687500
1712820315328125,671875
1712820315968750,640625
1712820316546875,578125
1712820317140625,593750
1712820317734375,593750
1712820318343750,609375
1712820319000000,656250
1712820319734375,734375
1712820320484375,750000
1712820321250000,765625
1712820322062500,812500
1712820322906250,843750
1712820323671875,765625
1712820324453125,781250
1712820325281250,828125
1712820326015625,734375
1712820326687500,671875
1712820327390625,703125
1712820328125000,734375
1712820328796875,671875
1712820329531250,734375
1712820330359375,828125
1712820331140625,781250
1712820331859375,718750
1712820332625000,765625
1712820333359375,734375
1712820334000000,640625
1712820334687500,687500
1712820335312500,625000
1712820335937500,625000
1712820336562500,625000
1712820337203125,640625
1712820337843750,640625
1712820338484375,640625
1712820339125000,640625
1712820339734375,609375
1712820343953125,656250
1712820344593750,640625
1712820345250000,656250
1712820345796875,546875
1712820346375000,578125
1712820346968750,593750
1712820347562500,593750
1712820348171875,609375
1712820348812500,640625
1712820349468750,656250
1712820350093750,625000
1712820350687500,593750
1712820351359375,671875
1712820352031250,671875
1712820352734375,703125
1712820353437500,703125
1712820354093750,656250
1712820354718750,625000
1712820355375000,656250
1712820356031250,656250
1712820356687500,656250
1712820357343750,656250
1712820357953125,609375
1712820358578125,625000
1712820359234375,656250
1712820359921875,687500
1712820360593750,671875
1712820361250000,656250
1712820361937500,687500
1712820362656250,718750
1712820363343750,687500
1712820364046875,703125
1712820364703125,656250
1712820365281250,578125
1712820365984375,703125
1712820366593750,609375
1712820367156250,562500
1712820367750000,593750
1712820368390625,640625
1712820369078125,687500
1712820369781250,703125
1712820370468750,687500
1712820371125000,656250
1712820371750000,625000
1712820372375000,625000
1712820373031250,656250
1712820373687500,656250
1712820374328125,640625
1712820374984375,656250
1712820375593750,609375
1712820376234375,640625
1712820376796875,562500
1712820377375000,578125
1712820377937500,562500
1712820378531250,593750
1712820379109375,578125
1712820379671875,562500
1712820380250000,578125
1712820380906250,656250
1712820381593750,687500
1712820382203125,609375
1712820382828125,625000
1712820383437500,609375
1712820384046875,609375
1712820384656250,609375
1712820385250000,593750
1712820385859375,609375
1712820386484375,625000
1712820387140625,656250
1712820387796875,656250
1712820388437500,640625
1712820389046875,609375
1712820389656250,609375
1712820390296875,640625
1712820390953125,656250
1712820391671875,718750
1712820392328125,656250
1712820392953125,625000
1712820393640625,687500
1712820394343750,703125
1712820395078125,734375
1712820395875000,796875
1712820396593750,718750
1712820397296875,703125
1712820398015625,718750
1712820398734375,718750
1712820399515625,781250
1712820400171875,656250
1712820400906250,734375
1712820401656250,750000
1712820402437500,781250
1712820403218750,781250
1712820404000000,781250
1712820404765625,765625
1712820405500000,734375
1712820406156250,656250
1712820406812500,656250
1712820407546875,734375
1712820408296875,750000
1712820408953125,656250
1712820409625000,671875
1712820410406250,781250
1712820411171875,765625
1712820411968750,796875
1712820412750000,781250
1712820413484375,734375
1712820414203125,718750
1712820414796875,593750
1712820415375000,578125
1712820416000000,625000
1712820416640625,640625
1712820417375000,734375
1712820418125000,750000
1712820418906250,781250
1712820419593750,687500
1712820420250000,656250
1712820420937500,687500
1712820421656250,718750
1712820422406250,750000
1712820423062500,656250
1712820423703125,640625
1712820424343750,640625
1712820424984375,640625
1712820425562500,578125
1712820426140625,578125
1712820426750000,609375
1712820427375000,625000
1712820428015625,640625
1712820428671875,656250
1712820429390625,718750
1712820430093750,703125
1712820430765625,671875
1712820431437500,671875
1712820432093750,656250
1712820432796875,703125
1712820433468750,671875
1712820434156250,687500
1712820434875000,718750
1712820435656250,781250
1712820436437500,781250
1712820437203125,765625
1712820437953125,750000
1712820438687500,734375
1712820439390625,703125
1712820440125000,734375
1712820440796875,671875
1712820441484375,687500
1712820442234375,750000
1712820443093750,859375
1712820443843750,750000
1712820444593750,750000
1712820445375000,781250
1712820446156250,781250
1712820446953125,796875
1712820447734375,781250
1712820448468750,734375
1712820449140625,671875
1712820449812500,671875
1712820450515625,703125
1712820451265625,750000
1712820452062500,796875
1712820452875000,812500
1712820453656250,781250
1712820454421875,765625
1712820455109375,687500
1712820455765625,656250
1712820456484375,718750
1712820457265625,781250
1712820458078125,812500
1712820458828125,750000
1712820459578125,750000
1712820460343750,765625
1712820461109375,765625
1712820461859375,750000
1712820462625000,765625
1712820463421875,796875
1712820464250000,828125
1712820465015625,765625
1712820465828125,812500
1712820466562500,734375
1712820467328125,765625
1712820468109375,781250
1712820468812500,703125
1712820469562500,750000
1712820470343750,781250
1712820471156250,812500
1712820471937500,781250
1712820472703125,765625
1712820473484375,781250
1712820474328125,843750
1712820475046875,718750
1712820475781250,734375
1712820476453125,671875
1712820477109375,656250
1712820477750000,640625
1712820478468750,718750
1712820479265625,796875
1712820479953125,687500
1712820480671875,718750
1712820481375000,703125
1712820482125000,750000
1712820482875000,750000
1712820483593750,718750
1712820484296875,703125
1712820485000000,703125
1712820485781250,781250
1712820486562500,781250
1712820487343750,781250
1712820488093750,750000
1712820488906250,812500
1712820489578125,671875
1712820490328125,750000
1712820491140625,812500
1712820491859375,718750
1712820492703125,843750
1712820493562500,859375
1712820494281250,718750
1712820495015625,734375
1712820495781250,765625
1712820496500000,718750
1712820497328125,828125
1712820498156250,828125
1712820498968750,812500
1712820499796875,828125
1712820500578125,781250
1712820501359375,781250
1712820502171875,812500
1712820502968750,796875
1712820503812500,843750
1712820504703125,890625
1712820505562500,859375
1712820506406250,843750
1712820507281250,875000
1712820508109375,828125
1712820508890625,781250
1712820509718750,828125
1712820510562500,843750
1712820511453125,890625
1712820512203125,750000
1712820513000000,796875
1712820513828125,828125
1712820514656250,828125
1712820515453125,796875
1712820516281250,828125
1712820517109375,828125
1712820517984375,875000
1712820518859375,875000
1712820519796875,937500
1712820520671875,875000
1712820521578125,906250
1712820522359375,781250
1712820523046875,687500
1712820523734375,687500
1712820524437500,703125
1712820525265625,828125
1712820526125000,859375
1712820526953125,828125
1712820527828125,875000
1712820528687500,859375
1712820529546875,859375
1712820530406250,859375
1712820531281250,875000
1712820532109375,828125
1712820532953125,843750
1712820575703125,828125
1712820576531250,828125
1712820577328125,796875
1712820578171875,843750
1712820578968750,796875
1712820579796875,828125
1712820580656250,859375
1712820581546875,890625
1712820582375000,828125
1712820583234375,859375
1712820584093750,859375
1712820584937500,843750
1712820585750000,812500
1712820586593750,843750
1712820587468750,875000
1712820588312500,843750
1712820589062500,750000
1712820589843750,781250
1712820590671875,828125
1712820591562500,890625
1712820592343750,781250
1712820593218750,875000
1712820599218750,781250
1712820600078125,859375
1712820600953125,875000
1712820601796875,843750
1712820602640625,843750
1712820603484375,843750
1712820604359375,875000
1712820605140625,781250
1712820605937500,796875
1712820606765625,828125
1712820607593750,828125
1712820608359375,765625
1712820609171875,812500
1712820610031250,859375
1712820610859375,828125
1712820611671875,812500
1712820612515625,843750
1712820613359375,843750
1712820614125000,765625
1712820614843750,718750
1712820615562500,718750
1712820616328125,765625
1712820617140625,812500
1712820618015625,875000
1712820618812500,796875
1712820619609375,796875
1712820620421875,812500
1712820621203125,781250
1712820622000000,796875
1712820622828125,828125
1712820623656250,828125
1712820624453125,796875
1712820625218750,765625
1712820626015625,796875
1712820626843750,828125
1712820627687500,843750
1712820628453125,765625
1712820629140625,687500
1712820629828125,687500
1712820630593750,765625
1712820631421875,828125
1712820632296875,875000
1712820633171875,875000
1712820634000000,828125
1712820634796875,796875
1712820635640625,843750
1712820636500000,859375
1712820637343750,843750
1712820638171875,828125
1712820638937500,765625
1712820639687500,750000
1712820640453125,765625
1712820641203125,750000
1712820641937500,734375
1712820642640625,703125
1712820643359375,718750
1712820644093750,734375
1712820644875000,781250
1712820645609375,734375
1712820646312500,703125
1712820647062500,750000
1712820647843750,781250
1712820648562500,718750
1712820649250000,687500
1712820649921875,671875
1712820650593750,671875
1712820651250000,656250
1712820651859375,609375
1712820652500000,640625
1712820653140625,640625
1712820653875000,734375
1712820654687500,812500
1712820655531250,843750
1712820656390625,859375
1712820657234375,843750
1712820658062500,828125
1712820658843750,781250
1712820659609375,765625
1712820660375000,765625
1712820661109375,734375
1712820661796875,687500
1712820662453125,656250
1712820663109375,656250
1712820663828125,718750
1712820668453125,859375
1712820669234375,781250
1712820669953125,718750
1712820670640625,687500
1712820671343750,703125
1712820672140625,796875
1712820673031250,890625
1712820673984375,953125
1712820674890625,906250
1712820675765625,875000
1712820676625000,859375
1712820677453125,828125
1712820678234375,781250
1712820678984375,750000
1712820679656250,671875
1712820680296875,640625
1712820680906250,609375
1712820681546875,640625
1712820682265625,718750
1712820683109375,843750
1712820684046875,937500
1712820685000000,953125
1712820685937500,937500
1712820686843750,906250
1712820687734375,890625
1712820688593750,859375
1712820689406250,812500
1712820690156250,750000
1712820690859375,703125
1712820691515625,656250
1712820692187500,671875
1712820692937500,750000
1712820693796875,859375
1712820694718750,921875
1712820695625000,906250
1712820696500000,875000
1712820697359375,859375
1712820698171875,812500
1712820698937500,765625
1712820699687500,750000
1712820700390625,703125
1712820701046875,656250
1712820701718750,671875
1712820702453125,734375
1712820703234375,781250
1712820704062500,828125
1712820704921875,859375
1712820705765625,843750
1712820706593750,828125
1712820707296875,703125
1712820707953125,656250
1712820708640625,687500
1712820709375000,734375
1712820710218750,843750
1712820711109375,890625
1712820711984375,875000
1712820712859375,875000
1712820713593750,734375
1712820714296875,703125
1712820715031250,734375
1712820715781250,750000
1712820716562500,781250
1712820717375000,812500
1712820718203125,828125
1712820719015625,812500
1712820719843750,828125
1712820720546875,703125
1712820721250000,703125
1712820721984375,734375
1712820722687500,703125
1712820723343750,656250
1712820724015625,671875
1712820724671875,656250
1712820725359375,687500
1712820726125000,765625
1712820726953125,828125
1712820727812500,859375
1712820728656250,843750
1712820729437500,781250
1712820730250000,812500
1712820731062500,812500
1712820731875000,812500
1712820732703125,828125
1712820733484375,781250
1712820734281250,796875
1712820735093750,812500
1712820735937500,843750
1712820736781250,843750
1712820737640625,859375
1712820738515625,875000
1712820739359375,843750
1712820740156250,796875
1712820740984375,828125
1712820741843750,859375
1712820742734375,890625
1712820743593750,859375
1712820744421875,828125
1712820745265625,843750
1712820746109375,843750
1712820746953125,843750
1712820747750000,796875
1712820748500000,750000
1712820749281250,781250
1712820750109375,828125
1712820750968750,859375
1712820751781250,812500
1712820752640625,859375
1712820753515625,875000
1712820754375000,859375
1712820755203125,828125
1712820755968750,765625
1712820756703125,734375
1712820757468750,765625
1712820758234375,765625
1712820759000000,765625
1712820759734375,734375
1712820760453125,718750
1712820761187500,734375
1712820761984375,796875
1712820762812500,828125
1712820763640625,828125
1712820764421875,781250
1712820765234375,812500
1712820766109375,875000
1712820766953125,843750
1712820767781250,828125
1712820768531250,750000
1712820769281250,750000
1712820770046875,765625
1712820770781250,734375
1712820771515625,734375
1712820772218750,703125
1712820772875000,656250
1712820773562500,687500
1712820774265625,703125
1712820775000000,734375
1712820775750000,750000
1712820776484375,734375
1712820777171875,687500
1712820777906250,734375
1712820778671875,765625
1712820779453125,781250
1712820780187500,734375
1712820780875000,687500
1712820781609375,734375
1712820782375000,765625
1712820783156250,781250
1712820783937500,781250
1712820784750000,812500
1712820785562500,812500
1712820786328125,765625
1712820787062500,734375
1712820787828125,765625
1712820788625000,796875
1712820789437500,812500
1712820790203125,765625
1712820790953125,750000
1712820791734375,781250
1712820792578125,843750
1712820793468750,890625
1712820794250000,781250
1712820795031250,781250
1712820795828125,796875
1712820796671875,843750
1712820797484375,812500
1712820798218750,734375
1712820798984375,765625
1712820799796875,812500
1712820800671875,875000
1712820801531250,859375
1712820802312500,781250
1712820803156250,843750
1712820804031250,875000
1712820804906250,875000
1712820805687500,781250
1712820806453125,765625
1712820807296875,843750
1712820808156250,859375
1712820809000000,843750
1712820809750000,750000
1712820810531250,781250
1712820811359375,828125
1712820812187500,828125
1712820812984375,796875
1712820813750000,765625
1712820814546875,796875
1712820815406250,859375
1712820816265625,859375
1712820817109375,843750
1712820817875000,765625
1712820818609375,734375
1712820819390625,781250
1712820820171875,781250
1712820820968750,796875
1712820821703125,734375
1712820822390625,687500
1712820823156250,765625
1712820823968750,812500
1712820824828125,859375
1712820825656250,828125
1712820826406250,750000
1712820827125000,718750
1712820827890625,765625
1712820828687500,796875
1712820829500000,812500
1712820830234375,734375
1712820830906250,671875
1712820831593750,687500
1712820832296875,703125
1712820833078125,781250
1712820833890625,812500
1712820834640625,750000
1712820835375000,734375
1712820836203125,828125
1712820837078125,875000
1712820837937500,859375
1712820838718750,781250
1712820839500000,781250
1712820840296875,796875
1712820841093750,796875
1712820841906250,812500
1712820842640625,734375
1712820843312500,671875
1712820844015625,703125
1712820844750000,734375
1712820845515625,765625
1712820846296875,781250
1712820847031250,734375
1712820847765625,734375
1712820848562500,796875
1712820849390625,828125
1712820850218750,828125
1712820850984375,765625
1712820851703125,718750
1712820852437500,734375
1712820853218750,781250
1712820854031250,812500
1712820854781250,750000
1712820855468750,687500
1712820856171875,703125
1712820856906250,734375
1712820857687500,781250
1712820858453125,765625
1712820859187500,734375
1712820859859375,671875
1712820860578125,718750
1712820861312500,734375
1712820862093750,781250
1712820862828125,734375
1712820863515625,687500
1712820864250000,734375
1712820865046875,796875
1712820865875000,828125
1712820866687500,812500
1712820867406250,718750
1712820868125000,718750
1712820868921875,796875
1712820869734375,812500
1712820870515625,781250
1712820871234375,718750
1712820872000000,765625
1712820872828125,828125
1712820873625000,796875
1712820874359375,734375
1712820875093750,734375
1712820875890625,796875
1712820876765625,875000
1712820877578125,812500
1712820878359375,781250
1712820879156250,796875
1712820880000000,843750
1712820880812500,812500
1712820881546875,734375
1712820882234375,687500
1712820882968750,734375
1712820883718750,750000
1712820884468750,750000
1712820885140625,671875
1712820885843750,703125
1712820886593750,750000
1712820887281250,687500
1712820887984375,703125
1712820888734375,750000
1712820889468750,734375
1712820890171875,703125
1712820890890625,718750
1712820891609375,718750
1712820892265625,656250
1712820892937500,671875
1712820893625000,687500
1712820894328125,703125
1712820894968750,640625
1712820895640625,671875
1712820896375000,734375
1712820897093750,718750
1712820897765625,671875
1712820898468750,703125
1712820899234375,765625
1712820899953125,718750
1712820900625000,671875
1712820901328125,703125
1712820902031250,703125
1712820902718750,687500
1712820903359375,640625
1712820904031250,671875
1712820904750000,718750
1712820905484375,734375
1712820906171875,687500
1712820906859375,687500
1712820907578125,718750
1712820908281250,703125
1712820908921875,640625
1712820909593750,671875
1712820910250000,656250
1712820910906250,656250
1712820911531250,625000
1712820912125000,593750
1712820912718750,593750
1712820913343750,625000
1712820913968750,625000
1712820914593750,625000
1712820915250000,656250
1712820915953125,703125
1712820916671875,718750
1712820917343750,671875
1712820918062500,718750
1712820918796875,734375
1712820919515625,718750
1712820920187500,671875
1712820920890625,703125
1712820921640625,750000
1712820922390625,750000
1712820923062500,671875
1712820923765625,703125
1712820924468750,703125
1712820925156250,687500
1712820925796875,640625
1712820926437500,640625
1712820927109375,671875
1712820927796875,687500
1712820928468750,671875
1712820929187500,718750
1712820929953125,765625
1712820930687500,734375
1712820931390625,703125
1712820932109375,718750
1712820932828125,718750
1712820933500000,671875
1712820934140625,640625
1712820934796875,656250
1712820935453125,656250
1712820936062500,609375
1712820936671875,609375
1712820937296875,625000
1712820938015625,718750
1712820938765625,750000
1712820939500000,734375
1712820940312500,812500
1712820941109375,796875
1712820941843750,734375
1712820942625000,781250
1712820943437500,812500
1712820944203125,765625
1712820944937500,734375
1712820945718750,781250
1712820946500000,781250
1712820947234375,734375
1712820948015625,781250
1712820948859375,843750
1712820949656250,796875
1712820950453125,796875
1712820951281250,828125
1712820952109375,828125
1712820952859375,750000
1712820953656250,796875
1712820954484375,828125
1712820955281250,796875
1712820956046875,765625
1712820956843750,796875
1712820957656250,812500
1712820958390625,734375
1712820959140625,750000
1712820959906250,765625
1712820960640625,734375
1712820961343750,703125
1712820962140625,796875
1712820962968750,828125
1712820963734375,765625
1712820964531250,796875
1712820965375000,843750
1712820966218750,843750
1712820966968750,750000
1712820967734375,765625
1712820968531250,796875
1712820969281250,750000
1712820970000000,718750
1712820970750000,750000
1712820971531250,781250
1712820972265625,734375
1712820972953125,687500
1712820973671875,718750
1712820974421875,750000
1712820975140625,718750
1712820975890625,750000
1712820976687500,796875
1712820977500000,812500
1712820978218750,718750
1712820978968750,750000
1712820979765625,796875
1712820980484375,718750
1712820981156250,671875
1712820981859375,703125
1712820982562500,703125
1712820983250000,687500
1712820983937500,687500
1712820984656250,718750
1712820985406250,750000
1712820986109375,703125
1712820986812500,703125
1712820987562500,750000
1712820988343750,781250
1712820989062500,718750
1712820989812500,750000
1712820990593750,781250
1712820991312500,718750
1712820991984375,671875
1712820992687500,703125
1712820993453125,765625
1712820994187500,734375
1712820994953125,765625
1712820995734375,781250
1712820996484375,750000
1712820997203125,718750
1712820997984375,781250
1712820998796875,812500
1712820999593750,796875
1712821000375000,781250
1712821001187500,812500
1712821001984375,796875
1712821002703125,718750
1712821003406250,703125
1712821004109375,703125
1712821004828125,718750
1712821005531250,703125
1712821006234375,703125
1712821007015625,781250
1712821007750000,734375
1712821008468750,718750
1712821009203125,734375
1712821009953125,750000
1712821010687500,734375
1712821011375000,687500
1712821012109375,734375
1712821012890625,781250
1712821013640625,750000
1712821014359375,718750
1712821015140625,781250
1712821015953125,812500
1712821016703125,750000
1712821017468750,765625
1712821018250000,781250
1712821019031250,781250
1712821019734375,703125
1712821020468750,734375
1712821021218750,750000
1712821021984375,765625
1712821022687500,703125
1712821023421875,734375
1712821024218750,796875
1712821024984375,765625
1712821025687500,703125
1712821026453125,765625
1712821027218750,765625
1712821027921875,703125
1712821028625000,703125
1712821029359375,734375
1712821030109375,750000
1712821030812500,703125
1712821031578125,765625
1712821032406250,828125
1712821033234375,828125
1712821033968750,734375
1712821034734375,765625
1712821035531250,796875
1712821036250000,718750
1712821036953125,703125
1712821037671875,718750
1712821038406250,734375
1712821039078125,671875
1712821039765625,687500
1712821040468750,703125
1712821041187500,718750
1712821041859375,671875
1712821042578125,718750
1712821043343750,765625
1712821044109375,765625
1712821044796875,687500
1712821045531250,734375
1712821046281250,750000
1712821047015625,734375
1712821047687500,671875
1712821048343750,656250
1712821049031250,687500
1712821049750000,718750
1712821050421875,671875
1712821051109375,687500
1712821051828125,718750
1712821052562500,734375
1712821053265625,703125
1712821053968750,703125
1712821054687500,718750
1712821055421875,734375
1712821056109375,687500
1712821056843750,734375
1712821057593750,750000
1712821058328125,734375
1712821059000000,671875
1712821059718750,718750
1712821060468750,750000
1712821061218750,750000
1712821061921875,703125
1712821062625000,703125
1712821063343750,718750
1712821064062500,718750
1712821064734375,671875
1712821065421875,687500
1712821066156250,734375
1712821066906250,750000
1712821067609375,703125
1712821068328125,718750
1712821069062500,734375
1712821069765625,703125
1712821070453125,687500
1712821071156250,703125
1712821071906250,750000
1712821072625000,718750
1712821073312500,687500
1712821074000000,687500
1712821074765625,765625
1712821075531250,765625
1712821076218750,687500
1712821076875000,656250
1712821077578125,703125
1712821078296875,718750
1712821078968750,671875
1712821079625000,656250
1712821080296875,671875
1712821080984375,687500
1712821081656250,671875
1712821082312500,656250
1712821082953125,640625
1712821083640625,687500
1712821084328125,687500
1712821084984375,656250
1712821085687500,703125
1712821086421875,734375
1712821087171875,750000
1712821087843750,671875
1712821088531250,687500
1712821089218750,687500
1712821089906250,687500
1712821090546875,640625
1712821091203125,656250
1712821091875000,671875
1712821092562500,687500
1712821093203125,640625
1712821093906250,703125
1712821094625000,718750
1712821095328125,703125
1712821096015625,687500
1712821096734375,718750
1712821097437500,703125
1712821098093750,656250
1712821098734375,640625
1712821099375000,640625
1712821100046875,671875
1712821100703125,656250
1712821101343750,640625
1712821102015625,671875
1712821102671875,656250
1712821103281250,609375
1712821103906250,625000
1712821104531250,625000
1712821105125000,593750
1712821105687500,562500
1712821106218750,531250
1712821106781250,562500
1712821107359375,578125
1712821107968750,609375
1712821115750000,562500
1712821116328125,578125
1712821116875000,546875
1712821117421875,546875
1712821117968750,546875
1712821118500000,531250
1712821122328125,546875
1712821122875000,546875
1712821126531250,515625
1712821127031250,500000
1712821127531250,500000
1712821128046875,515625
1712821128531250,484375
1712821129015625,484375
1712821129578125,562500
1712821130000000,421875
1712821130484375,484375
1712821133859375,468750
1712821137328125,500000
1712821137796875,468750
1712821138281250,484375
1712821138750000,468750
1712821139234375,484375
1712821139671875,437500
1712821140156250,484375
1712821140609375,453125
1712821141062500,453125
1712821141500000,437500
1712821141953125,453125
1712821142375000,421875
1712821142875000,500000
1712821143328125,453125
1712821143796875,468750
1712821144250000,453125
1712821144718750,468750
1712821145171875,453125
1712821145656250,484375
1712821146140625,484375
1712821146625000,484375
1712821147109375,484375
1712821147593750,484375
1712821148062500,468750
1712821148546875,484375
1712821149031250,484375
1712821149500000,468750
1712821149984375,484375
1712821150437500,453125
1712821150906250,468750
1712821151375000,468750
1712821151843750,468750
1712821152281250,437500
1712821155562500,453125
1712821156078125,515625
1712821156515625,437500
1712821157015625,500000
1712821157484375,468750
1712821157953125,468750
1712821158437500,484375
1712821158890625,453125
1712821159359375,468750
1712821159796875,437500
1712821160250000,453125
1712821160703125,453125
1712821161125000,421875
1712821161546875,421875
1712821161984375,437500
1712821162421875,437500
1712821162812500,390625
1712821163171875,359375
1712821165453125,453125
1712821165890625,437500
1712821166312500,421875
1712821169421875,437500
1712821169859375,437500
1712821170296875,437500
1712821170765625,468750
1712821171187500,421875
1712821171640625,453125
1712821172078125,437500
1712821172546875,468750
1712821173000000,453125
1712821173453125,453125
1712821176718750,484375
1712821177218750,500000
1712821177718750,500000
1712821178250000,531250
1712821178765625,515625
1712821179234375,468750
1712821179734375,500000
1712821180203125,468750
1712821180703125,500000
1712821181187500,484375
1712821181703125,515625
1712821182218750,515625
1712821182718750,500000
1712821183218750,500000
1712821183718750,500000
1712821184234375,515625
1712821184734375,500000
1712821185250000,515625
1712821185750000,500000
1712821186265625,515625
1712821186765625,500000
1712821187250000,484375
1712821187734375,484375
1712821188250000,515625
1712821188781250,531250
1712821189312500,531250
1712821189843750,531250
1712821190375000,531250
1712821190906250,531250
1712821191453125,546875
1712821192015625,562500
1712821192578125,562500
1712821193125000,546875
1712821193703125,578125
1712821194203125,500000
1712821194734375,531250
1712821195281250,546875
1712821195812500,531250
1712821196375000,562500
1712821196937500,562500
1712821205062500,640625
1712821220578125,703125
1712821221281250,703125
1712821221968750,687500
1712821222703125,734375
1712821223437500,734375
1712821224234375,796875
1712821225000000,765625
1712821225718750,718750
1712821226500000,781250
1712821227328125,828125
1712821228203125,875000
1712821229046875,843750
1712821229750000,703125
1712821230390625,640625
1712821231078125,687500
1712821231859375,781250
1712821232734375,875000
1712821233593750,859375
1712821234468750,875000
1712821235328125,859375
1712821236156250,828125
1712821236984375,828125
1712821237765625,781250
1712821238515625,750000
1712821239296875,781250
1712821240093750,796875
1712821240859375,765625
1712821241640625,781250
1712821242500000,859375
1712821243343750,843750
1712821244218750,875000
1712821245062500,843750
1712821245828125,765625
1712821246515625,687500
1712821247187500,671875
1712821247859375,671875
1712821256812500,859375
1712821257718750,906250
1712821258609375,890625
1712821259437500,828125
1712821260234375,796875
1712821261031250,796875
1712821261843750,812500
1712821262640625,796875
1712821263390625,750000
1712821264171875,781250
1712821264984375,812500
1712821265781250,796875
1712821266562500,781250
1712821267390625,828125
1712821268265625,875000
1712821269078125,812500
1712821269890625,812500
1712821270703125,812500
1712821271531250,828125
1712821272312500,781250
1712821273109375,796875
1712821273921875,812500
1712821274734375,812500
1712821275531250,796875
1712821276234375,703125
1712821276968750,734375
1712821277765625,796875
1712821278593750,828125
1712821279421875,828125
1712821280187500,765625
1712821280937500,750000
1712821281718750,781250
1712821282531250,812500
1712821283296875,765625
1712821284093750,796875
1712821284921875,828125
1712821285765625,843750
1712821286562500,796875
1712821287375000,812500
1712821288203125,828125
1712821289078125,875000
1712821289953125,875000
1712821290750000,796875
1712821291531250,781250
1712821292312500,781250
1712821293109375,796875
1712821293859375,750000
1712821294640625,781250
1712821295453125,812500
1712821296218750,765625
1712821297000000,781250
1712821297796875,796875
1712821298625000,828125
1712821299375000,750000
1712821300171875,796875
1712821300968750,796875
1712821301687500,718750
1712821302468750,781250
1712821303281250,812500
1712821304093750,812500
1712821304875000,781250
1712821305640625,765625
1712821306437500,796875
1712821307250000,812500
1712821308046875,796875
1712821308781250,734375
1712821309515625,734375
1712821310312500,796875
1712821311171875,859375
1712821312062500,890625
1712821312937500,875000
1712821313781250,843750
1712821314609375,828125
1712821315359375,750000
1712821316046875,687500
1712821316734375,687500
1712821317437500,703125
1712821318218750,781250
1712821319109375,890625
1712821320078125,968750
1712821321062500,984375
1712821322015625,953125
1712821322890625,875000
1712821323734375,843750
1712821324515625,781250
1712821325234375,718750
1712821325906250,671875
1712821326593750,687500
1712821327328125,734375
1712821328093750,765625
1712821328796875,703125
1712821329484375,687500
1712821330187500,703125
1712821330984375,796875
1712821331875000,890625
1712821332781250,906250
1712821333671875,890625
1712821334515625,843750
1712821335296875,781250
1712821336000000,703125
1712821336656250,656250
1712821337359375,703125
1712821338125000,765625
1712821338968750,843750
1712821339765625,796875
1712821340562500,796875
1712821341312500,750000
1712821342000000,687500
1712821342671875,671875
1712821343281250,609375
1712821343921875,640625
1712821344625000,703125
1712821345437500,812500
1712821346312500,875000
1712821347171875,859375
1712821347968750,796875
1712821348687500,718750
1712821349328125,640625
1712821349937500,609375
1712821350578125,640625
1712821351296875,718750
1712821355843750,890625
1712821356687500,843750
1712821357515625,828125
1712821358265625,750000
1712821358968750,703125
1712821359734375,765625
1712821360593750,859375
1712821361484375,890625
1712821362390625,906250
1712821363250000,859375
1712821364078125,828125
1712821364828125,750000
1712821365562500,734375
1712821366359375,796875
1712821367250000,890625
1712821368156250,906250
1712821369031250,875000
1712821369875000,843750
1712821370687500,812500
1712821371484375,796875
1712821372203125,718750
1712821372875000,671875
1712821373578125,703125
1712821374406250,828125
1712821375281250,875000
1712821376140625,859375
1712821376984375,843750
1712821377796875,812500
1712821378531250,734375
1712821379265625,734375
1712821379984375,718750
1712821380718750,734375
1712821381468750,750000
1712821382203125,734375
1712821382968750,765625
1712821383750000,781250
1712821384484375,734375
1712821385187500,703125
1712821385828125,640625
1712821386453125,625000
1712821387093750,640625
1712821387765625,671875
1712821388500000,734375
1712821389250000,750000
1712821389984375,734375
1712821390687500,703125
1712821391453125,765625
1712821392250000,796875
1712821393062500,812500
1712821393859375,796875
1712821394578125,718750
1712821395312500,734375
1712821396109375,796875
1712821396937500,828125
1712821397796875,859375
1712821398656250,859375
1712821399484375,828125
1712821400312500,828125
1712821401125000,812500
1712821401968750,843750
1712821402796875,828125
1712821403593750,796875
1712821404375000,781250
1712821405187500,812500
1712821406031250,843750
1712821406906250,875000
1712821407765625,859375
1712821408578125,812500
1712821409359375,781250
1712821410125000,765625
1712821410890625,765625
1712821411718750,828125
1712821412515625,796875
1712821413281250,765625
1712821414015625,734375
1712821414718750,703125
1712821415453125,734375
1712821416234375,781250
1712821417078125,843750
1712821417921875,843750
1712821418734375,812500
1712821419453125,718750
1712821420140625,687500
1712821420875000,734375
1712821421640625,765625
1712821422406250,765625
1712821423187500,781250
1712821423953125,765625
1712821424703125,750000
1712821425468750,765625
1712821426203125,734375
1712821427000000,796875
1712821427875000,875000
1712821428734375,859375
1712821429578125,843750
1712821430359375,781250
1712821431078125,718750
1712821431812500,734375
1712821432531250,718750
1712821433281250,750000
1712821433984375,703125
1712821434734375,750000
1712821435484375,750000
1712821436234375,750000
1712821436953125,718750
1712821437687500,734375
1712821438484375,796875
1712821439328125,843750
1712821440125000,796875
1712821440875000,750000
1712821441656250,781250
1712821442437500,781250
1712821443171875,734375
1712821443859375,687500
1712821444515625,656250
1712821445125000,609375
1712821445765625,640625
1712821446468750,703125
1712821447218750,750000
1712821448046875,828125
1712821448906250,859375
1712821449734375,828125
1712821450515625,781250
1712821451328125,812500
1712821452203125,875000
1712821453093750,890625
1712821453921875,828125
1712821454687500,765625
1712821455468750,781250
1712821456296875,828125
1712821457140625,843750
1712821457968750,828125
1712821458718750,750000
1712821459515625,796875
1712821460343750,828125
1712821461203125,859375
1712821462046875,843750
1712821462812500,765625
1712821463531250,718750
1712821464250000,718750
1712821465000000,750000
1712821465781250,781250
1712821466578125,796875
1712821467343750,765625
1712821468078125,734375
1712821468859375,781250
1712821469640625,781250
1712821470390625,750000
1712821471078125,687500
1712821471781250,703125
1712821472468750,687500
1712821473156250,687500
1712821473796875,640625
1712821474437500,640625
1712821475062500,625000
1712821475703125,640625
1712821476328125,625000
1712821476937500,609375
1712821477593750,656250
1712821478281250,687500
1712821478968750,687500
1712821479640625,671875
1712821480312500,671875
1712821481015625,703125
1712821481718750,703125
1712821482390625,671875
1712821483062500,671875
1712821483828125,765625
1712821484609375,781250
1712821485421875,812500
1712821486187500,765625
1712821486875000,687500
1712821487546875,671875
1712821488250000,703125
1712821488968750,718750
1712821489671875,703125
1712821490375000,703125
1712821491031250,656250
1712821491671875,640625
1712821492328125,656250
1712821493000000,671875
1712821493718750,718750
1712821494453125,734375
1712821495171875,718750
1712821495843750,671875
1712821496578125,734375
1712821497359375,781250
1712821498140625,781250
1712821498921875,781250
1712821499625000,703125
1712821500312500,687500
1712821501000000,687500
1712821501687500,687500
1712821502421875,734375
1712821503171875,750000
1712821503875000,703125
1712821504562500,687500
1712821505218750,656250
1712821505875000,656250
1712821506609375,734375
1712821507375000,765625
1712821508156250,781250
1712821508906250,750000
1712821509593750,687500
1712821510312500,718750
1712821511062500,750000
1712821511828125,765625
1712821512546875,718750
1712821513218750,671875
1712821513890625,671875
1712821514640625,750000
1712821515421875,781250
1712821516187500,765625
1712821516890625,703125
1712821517640625,750000
1712821518406250,765625
1712821519203125,796875
1712821520015625,812500
1712821520765625,750000
1712821521484375,718750
1712821522187500,703125
1712821522968750,781250
1712821523781250,812500
1712821524625000,843750
1712821525468750,843750
1712821526250000,781250
1712821526968750,718750
1712821527718750,750000
1712821528531250,812500
1712821529390625,859375
1712821530281250,890625
1712821531093750,812500
1712821531875000,781250
1712821532656250,781250
1712821533359375,703125
1712821534000000,640625
1712821534625000,625000
1712821535281250,656250
1712821535968750,687500
1712821536609375,640625
1712821537218750,609375
1712821537812500,593750
1712821538437500,625000
1712821539156250,718750
1712821539953125,796875
1712821540812500,859375
1712821541609375,796875
1712821542343750,734375
1712821543156250,812500
1712821543968750,812500
1712821544750000,781250
1712821545515625,765625
1712821546328125,812500
1712821547156250,828125
1712821547906250,750000
1712821548718750,812500
1712821549546875,828125
1712821550312500,765625
1712821551093750,781250
1712821551875000,781250
1712821560109375,703125
1712821560828125,718750
1712821758296875,671875
1712821764375000,718750
1712821765093750,718750
1712821765859375,765625
1712821766640625,781250
1712821767453125,812500
1712821768265625,812500
1712821768984375,718750
1712821769656250,671875
1712821770281250,625000
1712821770937500,656250
1712821771625000,687500
1712821772390625,765625
1712821773109375,718750
1712821773875000,765625
1712821774656250,781250
1712821775484375,828125
1712821776312500,828125
1712821777046875,734375
1712821777734375,687500
1712821778453125,718750
1712821779218750,765625
1712821780046875,828125
1712821780906250,859375
1712821781734375,828125
1712821782578125,843750
1712821783421875,843750
1712821784187500,765625
1712821785000000,812500
1712821785843750,843750
1712821786703125,859375
1712821787578125,875000
1712821788406250,828125
1712821789156250,750000
1712821789828125,671875
1712821790515625,687500
1712821791234375,718750
1712821792000000,765625
1712821792781250,781250
1712821793562500,781250
1712821794390625,828125
1712821795234375,843750
1712821796078125,843750
1712821796843750,765625
1712821797609375,765625
1712821798343750,734375
1712821799093750,750000
1712821799828125,734375
1712821800515625,687500
1712821801234375,718750
1712821802015625,781250
1712821802812500,796875
1712821803578125,765625
1712821804359375,781250
1712821805203125,843750
1712821806031250,828125
1712821806765625,734375
1712821807546875,781250
1712821808328125,781250
1712821809125000,796875
1712821809859375,734375
1712821810625000,765625
1712821811406250,781250
1712821812187500,781250
1712821812921875,734375
1712821813671875,750000
1712821814406250,734375
1712821815171875,765625
1712821815906250,734375
1712821816578125,671875
1712821817296875,718750
1712821818000000,703125
1712821818718750,718750
1712821819390625,671875
1712821820078125,687500
1712821820765625,687500
1712821821437500,671875
1712821822093750,656250
1712821822734375,640625
1712821823406250,671875
1712821824046875,640625
1712821824703125,656250
1712821825359375,656250
1712821825984375,625000
1712821826609375,625000
1712821827218750,609375
1712821827812500,593750
1712821828437500,625000
1712821829093750,656250
1712821829781250,687500
1712821830453125,671875
1712821831109375,656250
1712821831812500,703125
1712821832546875,734375
1712821833312500,765625
1712821834015625,703125
1712821834703125,687500
1712821835437500,734375
1712821836187500,750000
1712821836875000,687500
1712821837609375,734375
1712821838390625,781250
1712821839140625,750000
1712821839875000,734375
1712821840640625,765625
1712821841437500,796875
1712821842218750,781250
1712821842921875,703125
1712821843656250,734375
1712821844437500,781250
1712821845218750,781250
1712821845906250,687500
1712821846625000,718750
1712821847343750,718750
1712821848062500,718750
1712821848765625,703125
1712821849515625,750000
1712821850281250,765625
1712821851000000,718750
1712821851718750,718750
1712821852484375,765625
1712821853281250,796875
1712821854109375,828125
1712821854828125,718750
1712821855593750,765625
1712821856343750,750000
1712821857109375,765625
1712821857828125,718750
1712821858562500,734375
1712821859312500,750000
1712821860093750,781250
1712821860843750,750000
1712821861546875,703125
1712821862265625,718750
1712821863000000,734375
1712821863718750,718750
1712821864375000,656250
1712821865031250,656250
1712821865703125,671875
1712821866375000,671875
1712821867015625,640625
1712821867671875,656250
1712821868375000,703125
1712821869109375,734375
1712821869859375,750000
1712821870531250,671875
1712821871234375,703125
1712821871921875,687500
1712821872625000,703125
1712821873312500,687500
1712821873968750,656250
1712821874656250,687500
1712821875390625,734375
1712821876156250,765625
1712821876875000,718750
1712821877546875,671875
1712821878250000,703125
1712821878953125,703125
1712821879640625,687500
1712821880296875,656250
1712821881000000,703125
1712821881734375,734375
1712821882453125,718750
1712821883109375,656250
1712821883796875,687500
1712821884500000,703125
1712821885171875,671875
1712821885812500,640625
1712821886500000,687500
1712821887187500,687500
1712821887859375,671875
1712821888531250,671875
1712821889171875,640625
1712821889796875,625000
1712821890406250,609375
1712821891015625,609375
1712821891609375,593750
1712821892203125,593750
1712821892828125,625000
1712821893437500,609375
1712821906171875,687500
1712821913578125,671875
1712821916968750,687500
1712821917593750,625000
1712821918296875,703125
1712821919031250,734375
1712821919703125,671875
1712821920406250,703125
1712821921171875,765625
1712821921781250,609375
1712821925359375,750000
1712821926203125,843750
1712821926968750,765625
1712821927796875,828125
1712821928609375,812500
1712821938343750,828125
1712821939171875,828125
1712821943875000,734375
1712821944640625,765625
1712821945421875,781250
1712821946093750,671875
1712821946843750,750000
1712821947609375,765625
1712821948343750,734375
1712821949156250,812500
1712821949953125,796875
1712821950765625,812500
1712821951625000,859375
1712821952390625,765625
1712821953234375,843750
1712821954031250,796875
1712821954796875,765625
1712821955578125,781250
1712821956328125,750000
1712821957093750,765625
1712821957906250,812500
1712821958671875,765625
1712821959468750,796875
1712821960265625,796875
1712821960984375,718750
1712821961781250,796875
1712821962562500,781250
1712821963312500,750000
1712821964093750,781250
1712821964812500,718750
1712821965562500,750000
1712821966296875,734375
1712821967078125,781250
1712821967812500,734375
1712821968546875,734375
1712821969234375,687500
1712821969984375,750000
1712821970718750,734375
1712821971515625,796875
1712821980859375,750000
1712821981562500,703125
1712821982328125,765625
1712821983125000,796875
1712821983828125,703125
1712821984578125,750000
1712821985343750,765625
1712821986046875,703125
1712821986812500,765625
1712821987609375,796875
1712821991171875,734375
1712821991921875,750000
1712821992687500,765625
1712821993468750,781250
1712821994312500,843750
1712821995078125,765625
1712821995859375,781250
1712821996609375,750000
1712821997328125,718750
1712821998062500,734375
1712821998796875,734375
1712821999562500,765625
1712822000390625,828125
1712822001156250,765625
1712822002000000,843750
1712822002828125,828125
1712822003609375,781250
1712822004437500,828125
1712822005203125,765625
1712822005953125,750000
1712822006656250,703125
1712822007593750,937500
1712822013343750,750000
1712822014093750,750000
1712822014906250,812500
1712822015750000,843750
1712822016453125,703125
1712822017250000,796875
1712822018062500,812500
1712822018765625,703125
1712822019531250,765625
1712822020312500,781250
1712822033984375,703125
1712822034765625,781250
1712822035484375,718750
1712822036218750,734375
1712822036984375,765625
1712822037718750,734375
1712822038437500,718750
1712822039218750,781250
1712822039890625,671875
1712822040656250,765625
1712822041359375,703125
1712822047046875,703125
1712822047750000,703125
1712822048406250,656250
1712822049062500,656250
1712822049781250,718750
1712822050484375,703125
1712822051187500,703125
1712822051953125,765625
1712822052671875,718750
1712822053390625,718750
1712822054156250,765625
1712822054875000,718750
1712822055609375,734375
1712822056296875,687500
1712822057015625,718750
1712822062031250,718750
1712822062750000,718750
1712822063515625,765625
1712822064250000,734375
1712822064875000,625000
1712822065718750,843750
1712822066453125,734375
1712822067203125,750000
1712822067937500,734375
1712822068734375,796875
1712822069421875,687500
1712822070187500,765625
1712822070984375,796875
1712822071796875,812500
1712822072562500,765625
1712822073390625,828125
1712822074156250,765625
1712822074890625,734375
1712822075609375,718750
1712822076406250,796875
1712822094765625,671875
1712822095453125,687500
1712822096125000,671875
1712822096796875,671875
1712822097468750,671875
1712822098093750,625000
1712822098734375,640625
1712822099406250,671875
1712822100125000,718750
1712822100859375,734375
1712822101531250,671875
1712822102187500,656250
1712822102781250,593750
1712822103390625,609375
1712822104046875,656250
1712822104781250,734375
1712822105562500,781250
1712822106312500,750000
1712822107078125,765625
1712822107843750,765625
1712822108640625,796875
1712822109437500,796875
1712822110125000,687500
1712822110875000,750000
1712822111656250,781250
1712822112421875,765625
1712822113140625,718750
1712822113890625,750000
1712822114640625,750000
1712822115406250,765625
1712822116171875,765625
1712822116984375,812500
1712822117781250,796875
1712822118578125,796875
1712822119359375,781250
1712822120093750,734375
1712822120843750,750000
1712822121593750,750000
1712822122343750,750000
1712822123062500,718750
1712822123828125,765625
1712822124609375,781250
1712822125328125,718750
1712822126078125,750000
1712822126859375,781250
1712822127609375,750000
1712822128296875,687500
1712822128984375,687500
1712822129687500,703125
1712822130390625,703125
1712822131125000,734375
1712822131843750,718750
1712822132578125,734375
1712822133328125,750000
1712822134046875,718750
1712822134781250,734375
1712822135500000,718750
1712822136234375,734375
1712822137000000,765625
1712822137765625,765625
1712822138546875,781250
1712822139234375,687500
1712822139921875,687500
1712822140625000,703125
1712822141359375,734375
1712822142171875,812500
1712822143000000,828125
1712822143750000,750000
1712822144546875,796875
1712822145359375,812500
1712822146171875,812500
1712822146906250,734375
1712822147671875,765625
1712822148421875,750000
1712822149156250,734375
1712822149828125,671875
1712822150500000,671875
1712822151203125,703125
1712822151906250,703125
1712822152593750,687500
1712822153296875,703125
1712822154015625,718750
1712822154765625,750000
1712822155546875,781250
1712822156296875,750000
1712822157000000,703125
1712822157734375,734375
1712822158500000,765625
1712822159265625,765625
1712822160015625,750000
1712822160687500,671875
1712822161406250,718750
1712822162093750,687500
1712822162765625,671875
1712822163390625,625000
1712822164015625,625000
1712822164656250,640625
1712822165343750,687500
1712822166031250,687500
1712822166718750,687500
1712822167390625,671875
1712822168093750,703125
1712822168812500,718750
1712822169546875,734375
1712822170250000,703125
1712822170921875,671875
1712822171640625,718750
1712822172375000,734375
1712822173140625,765625
1712822173843750,703125
1712822174546875,703125
1712822175281250,734375
1712822176000000,718750
1712822176703125,703125
1712822177343750,640625
1712822178015625,671875
1712822178734375,718750
1712822179453125,718750
1712822180140625,687500
1712822180890625,750000
1712822181671875,781250
1712822182468750,796875
1712822183203125,734375
1712822183984375,781250
1712822184718750,734375
1712822185421875,703125
1712822186078125,656250
1712822186765625,687500
1712822187468750,703125
1712822188218750,750000
1712822188953125,734375
1712822189640625,687500
1712822190375000,734375
1712822191156250,781250
1712822191953125,796875
1712822192703125,750000
1712822193406250,703125
1712822194125000,718750
1712822194859375,734375
1712822195625000,765625
1712822196328125,703125
1712822197046875,718750
1712822197828125,781250
1712822198593750,765625
1712822199312500,718750
1712822199984375,671875
1712822200687500,703125
1712822201406250,718750
1712822202093750,687500
1712822202750000,656250
1712822203484375,734375
1712822204234375,750000
1712822205000000,765625
1712822205765625,765625
1712822206453125,687500
1712822207171875,718750
1712822207921875,750000
1712822208671875,750000
1712822209390625,718750
1712822210093750,703125
1712822210828125,734375
1712822211578125,750000
1712822212328125,750000
1712822213015625,687500
1712822213765625,750000
1712822214562500,796875
1712822215375000,812500
1712822233546875,500000
1712822234046875,500000
1712822234546875,500000
1712822235046875,500000
1712822235546875,500000
1712822236062500,515625
1712822239484375,609375
1712822240093750,609375
1712822240734375,640625
1712822241375000,640625
1712822242000000,625000
1712822242625000,625000
1712822243265625,640625
1712822243906250,640625
1712822244546875,640625
1712822245156250,609375
1712822245750000,593750
1712822246359375,609375
1712822246984375,625000
1712822247625000,640625
1712822248250000,625000
1712822248906250,656250
1712822249531250,625000
1712822250187500,656250
1712822250812500,625000
1712822251406250,593750
1712822252031250,625000
1712822252671875,640625
1712822253328125,656250
1712822253953125,625000
1712822254578125,625000
1712822255218750,640625
1712822255859375,640625
1712822256500000,640625
1712822257093750,593750
1712822257703125,609375
1712822258312500,609375
1712822258890625,578125
1712822259468750,578125
1712822260046875,578125
1712822260640625,593750
1712822261250000,609375
1712822261875000,625000
1712822262468750,593750
1712822263078125,609375
1712822263671875,593750
1712822264281250,609375
1712822264890625,609375
1712822265484375,593750
1712822266078125,593750
1712822266687500,609375
1712822267312500,625000
1712822267953125,640625
1712822268562500,609375
1712822269156250,593750
1712822269750000,593750
1712822270359375,609375
1712822271000000,640625
1712822271640625,640625
1712822272281250,640625
1712822272906250,625000
1712822273531250,625000
1712822274140625,609375
1712822274765625,625000
1712822275406250,640625
1712822276015625,609375
1712822276625000,609375
1712822277203125,578125
1712822277796875,593750
1712822278390625,593750
1712822278984375,593750
1712822279609375,625000
1712822280234375,625000
1712822280843750,609375
1712822281437500,593750
1712822282031250,593750
1712822282625000,593750
1712822283250000,625000
1712822283890625,640625
1712822284546875,656250
1712822285187500,640625
1712822285812500,625000
1712822286421875,609375
1712822287046875,625000
1712822287531250,484375
1712822290703125,578125
1712822291312500,609375
1712822291921875,609375
1712822292578125,656250
1712822293218750,640625
1712822293828125,609375
1712822294406250,578125
1712822294984375,578125
1712822295562500,578125
1712822296156250,593750
1712822296765625,609375
1712822297375000,609375
1712822297937500,562500
1712822301625000,625000
1712822302250000,625000
1712822302890625,640625
1712822303515625,625000
1712822304109375,593750
1712822304703125,593750
1712822305296875,593750
1712822305875000,578125
1712822306468750,593750
1712822307046875,578125
1712822307671875,625000
1712822308312500,640625
1712822308984375,671875
1712822309640625,656250
1712822310265625,625000
1712822310921875,656250
1712822311578125,656250
1712822312234375,656250
1712822312843750,609375
1712822313437500,593750
1712822314046875,609375
1712822314671875,625000
1712822315312500,640625
1712822315953125,640625
1712822316562500,609375
1712822317203125,640625
1712822317859375,656250
1712822318500000,640625
1712822319125000,625000
1712822319750000,625000
1712822320359375,609375
1712822320984375,625000
1712822321609375,625000
1712822322203125,593750
1712822322812500,609375
1712822323453125,640625
1712822324109375,656250
1712822324765625,656250
1712822325390625,625000
1712822326000000,609375
1712822326625000,625000
1712822327250000,625000
1712822327890625,640625
1712822328484375,593750
1712822329093750,609375
1712822329687500,593750
1712822330312500,625000
1712822330937500,625000
1712822331531250,593750
1712822332140625,609375
1712822332765625,625000
1712822333421875,656250
1712822334062500,640625
1712822334671875,609375
1712822335281250,609375
1712822335890625,609375
1712822336500000,609375
1712822337093750,593750
1712822337656250,562500
1712822338234375,578125
1712822346843750,640625
1712822347484375,640625
1712822348125000,640625
1712822348750000,625000
1712822349390625,640625
1712822350015625,625000
1712822350640625,625000
1712822351265625,625000
1712822351859375,593750
1712822352437500,578125
1712822353031250,593750
1712822353625000,593750
1712822354234375,609375
1712822357203125,609375
1712822357812500,609375
1712822358406250,593750
1712822358984375,578125
1712822359546875,562500
1712822360140625,593750
1712822360734375,593750
1712822361312500,578125
1712822361875000,562500
1712822362500000,625000
1712822363140625,640625
1712822367421875,640625
1712822368015625,593750
1712822368640625,625000
1712822369265625,625000
1712822369890625,625000
1712822370500000,609375
1712822373453125,609375
1712822374062500,609375
1712822374640625,578125
1712822375203125,562500
1712822375781250,578125
1712822376359375,578125
1712822376937500,578125
1712822377515625,578125
1712822378078125,562500
1712822378671875,593750
1712822379312500,640625
1712822384921875,578125
1712822385484375,562500
1712822386078125,593750
1712822386671875,593750
1712822387281250,609375
1712822387875000,593750
1712822388468750,593750
1712822389046875,578125
1712822389656250,609375
1712822390281250,625000
1712822390890625,609375
1712822391484375,593750
1712822392078125,593750
1712822392656250,578125
1712822393218750,562500
1712822393796875,578125
1712822394343750,546875
1712822394890625,546875
1712822398078125,531250
1712822400937500,593750
1712822401546875,609375
1712822402156250,609375
1712822402796875,640625
1712822403453125,656250
1712822404093750,640625
1712822404687500,593750
1712822405281250,593750
1712822405875000,593750
1712822406500000,625000
1712822407093750,593750
1712822407656250,562500
1712822408234375,578125
1712822408812500,578125
1712822409406250,593750
1712822409984375,578125
1712822413078125,640625
1712822413687500,609375
1712822414328125,640625
1712822414984375,656250
1712822415625000,640625
1712822416265625,640625
1712822416875000,609375
1712822417484375,609375
1712822418078125,593750
1712822418687500,609375
1712822419312500,625000
1712822419921875,609375
1712822420500000,578125
1712822421093750,593750
1712822421750000,656250
1712822422406250,656250
1712822440875000,640625
1712822441531250,656250
1712822442171875,640625
1712822442859375,687500
1712822443562500,703125
1712822444312500,750000
1712822445031250,718750
1712822445765625,734375
1712822446546875,781250
1712822447312500,765625
1712822448078125,765625
1712822448812500,734375
1712822449578125,765625
1712822450359375,781250
1712822451109375,750000
1712822451812500,703125
1712822452515625,703125
1712822453250000,734375
1712822454000000,750000
1712822454718750,718750
1712822455390625,671875
1712822456109375,718750
1712822456828125,718750
1712822457546875,718750
1712822458250000,703125
1712822459000000,750000
1712822459750000,750000
1712822460484375,734375
1712822461234375,750000
1712822462000000,765625
1712822462734375,734375
1712822463421875,687500
1712822464109375,687500
1712822464796875,687500
1712822465453125,656250
1712822466109375,656250
1712822466812500,703125
1712822467515625,703125
1712822468187500,671875
1712822468875000,687500
1712822469593750,718750
1712822470312500,718750
1712822471000000,687500
1712822471625000,625000
1712822472281250,656250
1712822472921875,640625
1712822473531250,609375
1712822474140625,609375
1712822474750000,609375
1712822475406250,656250
1712822476046875,640625
1712822476671875,625000
1712822477296875,625000
1712822477968750,671875
1712822478656250,687500
1712822479343750,687500
1712822479968750,625000
1712822480625000,656250
1712822481296875,671875
1712822481984375,687500
1712822482609375,625000
1712822483218750,609375
1712822483859375,640625
1712822484500000,640625
1712822485140625,640625
1712822485781250,640625
1712822486406250,625000
1712822487062500,656250
1712822487703125,640625
1712822488328125,625000
1712822488937500,609375
1712822489578125,640625
1712822490218750,640625
1712822490890625,671875
1712822491546875,656250
1712822492203125,656250
1712822492875000,671875
1712822493562500,687500
1712822494218750,656250
1712822494828125,609375
1712822495453125,625000
1712822496093750,640625
1712822496765625,671875
1712822497421875,656250
1712822498062500,640625
1712822498734375,671875
1712822499468750,734375
1712822500218750,750000
1712822500953125,734375
1712822501640625,687500
1712822502359375,718750
1712822503093750,734375
1712822503812500,718750
1712822504515625,703125
1712822505156250,640625
1712822505812500,656250
1712822506484375,671875
1712822507187500,703125
1712822507906250,718750
1712822508609375,703125
1712822509265625,656250
1712822509968750,703125
1712822510671875,703125
1712822511359375,687500
1712822512015625,656250
1712822512687500,671875
1712822513390625,703125
1712822514109375,718750
1712822514875000,765625
1712822515578125,703125
1712822516265625,687500
1712822516968750,703125
1712822517703125,734375
1712822518453125,750000
1712822519203125,750000
1712822519906250,703125
1712822520562500,656250
1712822521234375,671875
1712822521906250,671875
1712822522609375,703125
1712822523312500,703125
1712822523968750,656250
1712822524625000,656250
1712822525296875,671875
1712822526000000,703125
1712822526687500,687500
1712822527359375,671875
1712822528000000,640625
1712822528671875,671875
1712822529359375,687500
1712822530062500,703125
1712822530781250,718750
1712822531468750,687500
1712822532078125,609375
1712822532796875,718750
1712822533453125,656250
1712822534203125,750000
1712822534921875,718750
1712822535593750,671875
1712822536281250,687500
1712822536984375,703125
1712822537703125,718750
1712822538406250,703125
1712822539093750,687500
1712822543609375,640625
1712822544265625,656250
1712822544984375,718750
1712822545765625,781250
1712822546562500,796875
1712822547390625,828125
1712822548203125,812500
1712822548984375,781250
1712822549687500,703125
1712822550390625,703125
1712822580875000,703125
1712822581546875,671875
1712822582203125,656250
1712822582875000,671875
1712822730156250,656250
1712822730765625,609375
1712822731406250,640625
1712822732031250,625000
1712822732671875,640625
1712822733312500,640625
1712822733968750,656250
1712822734609375,640625
1712822735265625,656250
1712822735937500,671875
1712822736640625,703125
1712822737359375,718750
1712822738078125,718750
1712822738734375,656250
1712822739296875,562500
1712822740046875,750000
1712822740718750,671875
1712822741375000,656250
1712822742062500,687500
1712822742781250,718750
1712822743468750,687500
1712822744125000,656250
1712822744781250,656250
1712822745453125,671875
1712822746171875,718750
1712822746875000,703125
1712822747531250,656250
1712822748203125,671875
1712822748859375,656250
1712822749484375,625000
1712822750109375,625000
1712822750687500,578125
1712822751312500,625000
1712822751968750,656250
1712822752640625,671875
1712822753343750,703125
1712822754031250,687500
1712822754718750,687500
1712822755421875,703125
1712822756156250,734375
1712822756828125,671875
1712822757515625,687500
1712822758187500,671875
1712822758843750,656250
1712822759468750,625000
1712822760062500,593750
1712822760640625,578125
1712822761265625,625000
1712822761906250,640625
1712822762578125,671875
1712822763265625,687500
1712822763937500,671875
1712822764656250,718750
1712822765375000,718750
1712822766062500,687500
1712822766750000,687500
1712822767453125,703125
1712822771953125,640625
1712822772593750,640625
1712822773281250,687500
1712822773968750,687500
1712822774640625,671875
1712822775328125,687500
1712822776000000,671875
1712822776671875,671875
1712822777296875,625000
1712822777953125,656250
1712822778593750,640625
1712822779234375,640625
1712822783140625,656250
1712822783812500,671875
1712822784437500,625000
1712822785093750,656250
1712822785734375,640625
1712822786406250,671875
1712822787031250,625000
1712822787671875,640625
1712822788328125,656250
1712822789000000,671875
1712822789640625,640625
1712822790296875,656250
1712822790953125,656250
1712822796093750,625000
1712822799265625,625000
1712822799906250,640625
1712822800578125,671875
1712822801234375,656250
1712822801875000,640625
1712822802562500,687500
1712822803296875,734375
1712822803984375,687500
1712822804703125,718750
1712822805453125,750000
1712822806171875,718750
1712822806875000,703125
1712822807578125,703125
1712822808281250,703125
1712822808984375,703125
1712822809687500,703125
1712822810375000,687500
1712822811093750,718750
1712822811796875,703125
1712822812500000,703125
1712822813187500,687500
1712822816500000,687500
1712822817218750,718750
1712822817953125,734375
1712822818671875,718750
1712822819390625,718750
1712822820109375,718750
1712822828343750,703125
1712822829109375,765625
1712822856296875,531250
1712822856812500,515625
1712823010937500,421875
1712823011359375,421875
1712823011781250,421875
1712823012218750,437500
1712823012625000,406250
1712823013000000,375000
1712823013437500,437500
1712823013859375,421875
1712823014281250,421875
1712823014703125,421875
1712823015109375,406250
1712823068703125,562500
1712823069296875,593750
1712823069890625,593750
1712823097828125,609375
1712823098406250,578125
1712823099000000,593750
1712823099609375,609375
1712823100187500,578125
1712823100765625,578125
1712823101328125,562500
1712823101890625,562500
1712823102468750,578125
1712823103046875,578125
1712823103578125,531250
1712823104156250,578125
1712823106843750,515625
1712823107390625,546875
1712823107937500,546875
1712823108484375,546875
1712823109015625,531250
1712823109578125,562500
1712823110156250,578125
1712823110750000,593750
1712823111343750,593750
1712823111906250,562500
1712823112468750,562500
1712823113046875,578125
1712823113640625,593750
1712823114250000,609375
1712823114812500,562500
1712823115375000,562500
1712823115953125,578125
1712823116546875,593750
1712823117140625,593750
1712823117718750,578125
1712823118281250,562500
